频道名,地址,tvg-id,tvg-name,国家分组,语言分组,图标,原分组,分辨率,来源文件,检测时间,状态码,ffprobe是否成功,视频编码,分辨率,帧率,音频,ffprobe探测时间
湖南卫视,http://69.30.246.194/live/hnws.m3u8,,湖南卫视,,,湖南卫视.png,📡卫视频道,1920x1080,Guovin.txt,14,200,成功,h264,1920x1080,25.0,有音频,0.567
电视指南,http://38.75.136.137:98/gslb/dsdqpub/dszn.m3u8?auth=testpub,,电视指南,,,电视指南.png,💰央视付费频道,1920x1080,Guovin.txt,61,200,成功,h264,1920x1080,25.0,有音频,0.631
江苏卫视,http://38.75.136.137:98/gslb/dsdqca/jswshd.m3u8?auth=test20251009,,江苏卫视,,,江苏卫视.png,📡卫视频道,1920x1080,Guovin.txt,70,200,成功,h264,1920x1080,25.0,有音频,0.749
广东卫视,http://j.x.bkpcp.top/jx/GUANGDHD,,广东卫视,,,广东卫视.png,📡卫视频道,1920x1080,Guovin.txt,1219,429,成功,h264,1920x1080,25.0,有音频,0.965
陕西卫视,http://23.237.228.134/live6/sichuan.m3u8,,陕西卫视,,,陕西卫视.png,📡卫视频道,1920x1080,Guovin.txt,80,200,成功,h264,1920x1080,25.0,有音频,0.981
辽宁卫视,http://j.x.bkpcp.top/jx/LIAONHD,,辽宁卫视,,,辽宁卫视.png,📡卫视频道,1920x1080,Guovin.txt,266,429,成功,h264,1920x1080,25.0,有音频,1.189
河南卫视,http://goo.bkpcp.top/mg/hnws,,河南卫视,,,河南卫视.png,📡卫视频道,1920x1080,Guovin.txt,277,403,成功,h264,1920x1080,25.0,有音频,2.078
第一剧场,http://171.83.103.119:9999/rtp/239.69.1.74:10084,,第一剧场,,,第一剧场.png,💰央视付费频道,,Guovin.txt,508,200,成功,h264,,25.0,有音频,1.661
浙江生活,http://ali-m-l.cztv.com/channels/lantian/channel003/720p.m3u8,,浙江生活,,,浙江生活.png,☘️浙江频道,1280x720,Guovin.txt,228,200,成功,h264,1280x720,25.0,有音频,2.544
CCTV-8,http://38.75.136.137:98/gslb/dsdqbv/cctv8hd.m3u8?auth=test20251009,,CCTV8,,,CCTV8.png,📺央视频道,1920x1080,Guovin.txt,101,200,成功,h264,1920x1080,25.0,有音频,0.648
女性时尚,http://38.75.136.137:98/gslb/dsdqpub/nxss.m3u8?auth=testpub,,女性时尚,,,女性时尚.png,💰央视付费频道,1920x1080,Guovin.txt,62,200,成功,h264,1920x1080,25.0,有音频,0.285
CCTV-12,http://69.30.246.194/live/cctv12.m3u8,,CCTV12,,,CCTV12.png,📺央视频道,1920x1080,Guovin.txt,13,200,成功,h264,1920x1080,25.0,有音频,0.247
CCTV-5,http://38.75.136.137:98/gslb/dsdqbv/cctv5hd.m3u8?auth=test20251009,,CCTV5,,,CCTV5.png,📺央视频道,1920x1080,Guovin.txt,158,200,成功,h264,1920x1080,25.0,有音频,0.626
绍兴文化影视,https://stream1.freetv.fun/shao-xing-wen-hua-ying-shi-1.m3u8,,绍兴文化影视,,,绍兴文化影视.png,☘️浙江频道,1280x720,Guovin.txt,4,403,成功,h264,1280x720,25.0,有音频,3.487
江苏卫视,http://38.75.136.137:98/gslb/dsdqpub/jswshd.m3u8?auth=testpub,,江苏卫视,,,江苏卫视.png,📡卫视频道,1920x1080,Guovin.txt,61,200,成功,h264,1920x1080,25.0,有音频,0.276
山东卫视,http://38.75.136.137:98/gslb/dsdqpub/sdwshd.m3u8?auth=testpub,,山东卫视,,,山东卫视.png,📡卫视频道,1920x1080,Guovin.txt,61,200,成功,h264,1920x1080,25.0,有音频,0.259
海宁新闻综合,https://p2hs.vzan.com/slowlive/317913155078575177/live.m3u8?zbid=293304&tpid=1708007815,,海宁新闻综合,,,海宁新闻综合.png,☘️浙江频道,1280x720,Guovin.txt,1772,200,成功,h264,1280x720,25.0,有音频,3.798
之江纪录,https://ali-m-l.cztv.com/channels/lantian/channel12/720p.m3u8,,之江纪录,,,之江纪录.png,☘️浙江频道,1280x720,Guovin.txt,253,200,成功,h264,1280x720,25.0,有音频,4.077
开化新闻综合,http://l.cztvcloud.com/channels/lantian/SXkaihua1/720p.m3u8?zzhed,,开化新闻综合,,,开化新闻综合.png,☘️浙江频道,1280x720,Guovin.txt,321,200,成功,h264,1280x720,25.0,有音频,2.360
龙游新闻综合,https://l.cztvcloud.com/channels/lantian/SXlongyou1/720p.m3u8,,龙游新闻综合,,,龙游新闻综合.png,☘️浙江频道,1280x720,Guovin.txt,1439,200,成功,h264,1280x720,25.0,有音频,4.377
CCTV-14,https://event.pull.hebtv.com/jishi/cp2.m3u8,,CCTV14,,,CCTV14.png,📺央视频道,1920x1080,Guovin.txt,295,200,成功,h264,1920x1080,25.0,有音频,5.015
湖南卫视,http://38.75.136.137:98/gslb/dsdqpub/hnwshd.m3u8?auth=testpub,,湖南卫视,,,湖南卫视.png,📡卫视频道,1920x1080,Guovin.txt,74,200,成功,h264,1920x1080,25.0,有音频,0.265
[BD]靖天育樂 *4g,https://stream1.freetv.fun/92ff2558edd6af759f7ae1f88ef039d3d5ec81c53be13744ae5e0e3afb731b6a.ctv,,靖天育樂,台灣,國語,https://epg.pw/media/images/channel/2023/07/20/large/20230720211234557699_27.png,兒童,1920x1080,epg-pw.txt,7,403,成功,h264,1920x1080,30.0,有音频,4.310
CETV-1,http://171.83.103.119:9999/rtp/239.69.1.110:10298,,CETV1,,,CETV1.png,📺央视频道,1920x1080,Guovin.txt,562,200,成功,h264,1920x1080,25.0,有音频,2.829
湖北卫视,https://www.freetv.top/migu/738906825.m3u8?migutoken=959fce041a0fecbe0bdf2b300a4d13c986661650b877856aabade568eaf9f549143a65c212325030ca99ac119635c6c4daa7c93ba8863508e6aeef100965a31ae4a8152b02337aea453f42988d,,湖北卫视,,,湖北卫视.png,📡卫视频道,1920x1080,Guovin.txt,310,200,成功,h264,1920x1080,30.0,有音频,1.491
CCTV-13,http://ali-m-l.cztv.com/channels/lantian/channel21/1080p.m3u8,,CCTV13,,,CCTV13.png,📺央视频道,1920x1080,Guovin.txt,254,200,成功,h264,1920x1080,25.0,有音频,2.185
[BD]靖天電影 *4g,https://stream1.freetv.fun/cb4896566ab4f5d69b2309e782c56658dea9889d9ff1859374f48990aedec1f0.ctv,,靖天電影,台灣,國語,https://epg.pw/media/images/channel/2023/07/20/large/20230720211600121903_76.png,電影,1920x1080,epg-pw.txt,5,403,成功,h264,1920x1080,30.0,有音频,3.795
浙江留学,https://ali-m-l.cztv.com/channels/lantian/channel009/1080p.m3u8,,浙江留学,,,浙江留学.png,☘️浙江频道,1920x1080,Guovin.txt,1586,200,成功,h264,1920x1080,25.0,有音频,3.002
天津卫视,http://38.75.136.137:98/gslb/dsdqca/tjwshd.m3u8?auth=test20251009,,天津卫视,,,天津卫视.png,📡卫视频道,1920x1080,Guovin.txt,99,200,成功,h264,1920x1080,25.0,有音频,0.379
武义新闻综合,https://stream1.freetv.fun/wu-yi-xin-wen-zong-he-1.m3u8,,武义新闻综合,,,武义新闻综合.png,☘️浙江频道,720x576,Guovin.txt,6,403,成功,h264,720x576,,有音频,2.292
湖南卫视,http://38.75.136.137:98/gslb/dsdqca/hnwshd.m3u8?auth=test20251009,,湖南卫视,,,湖南卫视.png,📡卫视频道,1920x1080,Guovin.txt,112,200,成功,h264,1920x1080,25.0,有音频,0.340
诸暨新闻综合,https://l.cztvcloud.com/channels/lantian/SXzhuji3/720p.m3u8,,诸暨新闻综合,,,诸暨新闻综合.png,☘️浙江频道,1920x1080,Guovin.txt,1631,200,成功,h264,1920x1080,50.0,有音频,5.619
湖州新闻综合,http://hzcm-live.media.hugd.com/3f5fa7d64c7c46a38c6bd8ad35e836cc/65128273761b4731ae53729ea6dcf932.m3u8?auth_key=2277598215-9d21c15111244bea8d298c361d31a72e-0-d031198f58d44b0e91ba2e3f3b188865&amp;fbl=,,湖州新闻综合,,,湖州新闻综合.png,☘️浙江频道,1280x720,Guovin.txt,1362,200,成功,h264,1280x720,29.97002997002997,有音频,1.672
CCTV-11,http://38.75.136.137:98/gslb/dsdqca/cctv11hd.m3u8?auth=test20251009,,CCTV11,,,CCTV11.png,📺央视频道,1920x1080,Guovin.txt,92,200,成功,h264,1920x1080,25.0,有音频,0.315
湖州新闻综合,http://hzcm-live.media.hugd.com/3f5fa7d64c7c46a38c6bd8ad35e836cc/65128273761b4731ae53729ea6dcf932.m3u8?auth_key=2277598215-9d21c15111244bea8d298c361d31a72e-0-d031198f58d44b0e91ba2e3f3b188865&fbl=,,湖州新闻综合,,,湖州新闻综合.png,☘️浙江频道,1280x720,Guovin.txt,1351,200,成功,h264,1280x720,29.97002997002997,有音频,3.017
浙江少儿,https://stream1.freetv.fun/zhe-jiang-shao-er-1.ctv,,浙江少儿,,,浙江少儿.png,☘️浙江频道,1920x1080,Guovin.txt,6,403,成功,h264,1920x1080,25.0,有音频,4.039
浙江国际,https://stream1.freetv.fun/zhe-jiang-guo-ji-3.ctv,,浙江国际,,,浙江国际.png,☘️浙江频道,1920x1080,Guovin.txt,6,403,成功,h264,1920x1080,25.0,有音频,3.881
兰溪新闻综合,https://stream1.freetv.fun/lan-xi-xin-wen-zong-he-1.m3u8,,兰溪新闻综合,,,兰溪新闻综合.png,☘️浙江频道,1280x720,Guovin.txt,6,403,成功,h264,1280x720,25.0,有音频,3.320
海宁新闻综合,http://p2hs.vzan.com/slowlive/317913155078575177/live.m3u8,,海宁新闻综合,,,海宁新闻综合.png,☘️浙江频道,1280x720,Guovin.txt,1612,200,成功,h264,1280x720,25.0,有音频,2.071
[BD]靖天電影,https://stream1.freetv.fun/35f84e6c81e6adf04b34fc8f8a050beb664b6f515494a602431519bc51980d27.m3u8,,靖天電影,台灣,國語,https://epg.pw/media/images/channel/2023/07/20/large/20230720211600121903_76.png,電影,1920x1080,epg-pw.txt,4,403,成功,h264,1920x1080,30.0,有音频,9.431
江苏卫视,http://69.30.246.194/live/jsws.m3u8,,江苏卫视,,,江苏卫视.png,📡卫视频道,1920x1080,Guovin.txt,13,200,成功,h264,1920x1080,25.0,有音频,0.208
[BD]華視新聞 *4g,https://stream1.freetv.fun/ca63a05a77aaa02f3c4ef679cae417ea080f50bb009eb08dd50e6f05e01b21a1.ctv,,華視新聞FHD,台灣,國語,https://epg.pw/media/images/channel/2023/07/18/large/20230718001252593456_95.jpg,新聞,1920x1080,epg-pw.txt,6,403,成功,h264,1920x1080,30.0,有音频,3.489
湖州文化娱乐,http://hzcm-live.media.hugd.com/613c47f0ab0d4eaa98b21378d0db6ded/0051d31c9dd543a7825eea4e49675b2a.m3u8?auth_key=2277598059-0a5ebfa1c0dc4671b42a60810fc37039-0-fa625b7d1feab612062453c12e3c8887,,湖州文化娱乐,,,湖州文化娱乐.png,☘️浙江频道,1280x720,Guovin.txt,1363,200,成功,h264,1280x720,29.97002997002997,有音频,2.582
CCTV-1,https://www.freetv.top/migu/608807420.m3u8?migutoken=5b04cf0d91179ab2d3d71703f0a8bc3d32dd02f7d8fb55ee70e05c216b8a9d1a73d911fbde798459fb66d94934157c996f8306c0dd37917775f2ed73dcc22cf84b25ca500bff5c636ff48d6344,,CCTV1,,,CCTV1.png,📺央视频道,1920x1080,Guovin.txt,304,200,成功,h264,1920x1080,30.0,有音频,1.075
黑龙江卫视,http://38.75.136.137:98/gslb/dsdqpub/hljwshd.m3u8?auth=testpub,,黑龙江卫视,,,黑龙江卫视.png,📡卫视频道,1920x1080,Guovin.txt,61,200,成功,h264,1920x1080,25.0,有音频,0.298
广西卫视,https://hlscdn.liangtv.cn/live/de0f97348eb84f62aa6b7d8cf0430770/dd505d87880c478f901f38560ca4d4e6.m3u8,,广西卫视,,,广西卫视.png,📡卫视频道,1920x1080,Guovin.txt,1013,200,成功,h264,1920x1080,25.0,有音频,1.511
西藏卫视,http://goo.bkpcp.top/mg/xzws,,西藏卫视,,,西藏卫视.png,📡卫视频道,1920x1080,Guovin.txt,289,403,成功,h264,1920x1080,25.0,有音频,7.008
CCTV-9,https://www.freetv.top/migu/673168140.m3u8?migutoken=749c49cdc31bb395e0349adc81010adc8707f80e51e9d3491ad67bfa71388ad768f7b52c8064338a7ef45eb7ddb192fb4937b21681c82499a0c16653ad9a9bec98ff5ce6ab183e4029bbdf269e,,CCTV9,,,CCTV9.png,📺央视频道,1920x1080,Guovin.txt,359,200,成功,h264,1920x1080,30.0,有音频,1.499
龙游生活娱乐,https://l.cztvcloud.com/channels/lantian/SXlongyou2/720p.m3u8,,龙游生活娱乐,,,龙游生活娱乐.png,☘️浙江频道,1280x720,Guovin.txt,1617,200,成功,h264,1280x720,25.0,有音频,4.770
[BD]靖天育樂,https://stream1.freetv.fun/7a2022f348239462707ccc18de49e2d582de5d630326b1bdcc3e9c679ff7ca02.m3u8,,靖天育樂,台灣,國語,https://epg.pw/media/images/channel/2023/07/20/large/20230720211234557699_27.png,兒童,1920x1080,epg-pw.txt,4,403,成功,h264,1920x1080,30.0,无音频,10.713
吉林卫视,http://38.75.136.137:98/gslb/dsdqpub/jlwshd.m3u8?auth=testpub,,吉林卫视,,,吉林卫视.png,📡卫视频道,1920x1080,Guovin.txt,61,200,成功,h264,1920x1080,25.0,有音频,0.264
CETV-1,https://migu.188766.xyz/?migutoken=a55dadc35d37e3e168faf8268cc6fa97&id=CETV1&type=yy,,CETV1,,,CETV1.png,📺央视频道,1920x1080,Guovin.txt,286,403,成功,h264,1920x1080,28.0,有音频,0.488
[BD]民視綜藝[geo-blocked],https://stream1.freetv.fun/345311744a4f9aeec784f8cc93c669ebfe5d816d160a8f7c1e38ee1af5eca4b5.m3u8,,民視綜藝臺,台灣,國語,https://epg.pw/media/images/channel/2022/02/10/large/20220210223807030725_31.png,綜藝,1920x1080,epg-pw.txt,16,403,成功,h264,1920x1080,30.0,无音频,8.727
湖州新闻综合,http://hzcm-live.media.hugd.com/3f5fa7d64c7c46a38c6bd8ad35e836cc/65128273761b4731ae53729ea6dcf932.m3u8?auth_key=2277598215-9d21c15111244bea8d298c361d31a72e-0-d031198f58d44b0e91ba2e3f3b188865,,湖州新闻综合,,,湖州新闻综合.png,☘️浙江频道,1280x720,Guovin.txt,1371,200,成功,h264,1280x720,29.97002997002997,有音频,2.117
东方卫视,http://goo.bkpcp.top/mg/dfws,,东方卫视,,,东方卫视.png,📡卫视频道,3840x2160,Guovin.txt,273,403,成功,hevc,3840x2160,50.0,有音频,8.580
[BD]民視新聞,https://stream1.freetv.fun/c79385614a72377596e59d38846782830caeb39466f5f6af69217c3b483ceb60.m3u8,,民視新聞 HD,台灣,國語,https://epg.pw/media/images/channel/2022/05/06/large/20220506171601310367_14.png,新聞,1920x1080,epg-pw.txt,4,403,成功,h264,1920x1080,30.0,有音频,11.718
[BD]龍華戲劇,https://stream1.freetv.fun/8d599ae0844d04faedf40463bdae0d8c1a423db788c3269661298450b6887212.m3u8,,龍華戲劇,台灣,國語,https://epg.pw/media/images/channel/2023/07/24/large/20230724170326264507_47.png,電影,1920x1080,epg-pw.txt,16,403,成功,h264,1920x1080,30.0,有音频,9.215
湖州文化娱乐,http://hzcm-live.media.hugd.com/613c47f0ab0d4eaa98b21378d0db6ded/0051d31c9dd543a7825eea4e49675b2a.m3u8?auth_key=2277598059-0a5ebfa1c0dc4671b42a60810fc37039-0-fa625b7d1feab612062453c12e3c8887&fbl=,,湖州文化娱乐,,,湖州文化娱乐.png,☘️浙江频道,1280x720,Guovin.txt,1363,200,成功,h264,1280x720,29.97002997002997,有音频,3.016
[BD]台視新聞,https://stream1.freetv.fun/62baa54083438e0ff42bd762a75f962b815d012dc6d9b56df64929f5c12e2bdf.m3u8,,臺視新聞臺,台灣,國語,https://epg.pw/media/uploads/tmp_logo/2016/11/22/20161122123940121042_91.png,新聞,1920x1080,epg-pw.txt,4,403,成功,h264,1920x1080,29.97002997002997,有音频,0.796
CCTV-4,http://38.75.136.137:98/gslb/dsdqca/cctv4hd.m3u8?auth=test20251009,,CCTV4,,,CCTV4.png,📺央视频道,1920x1080,Guovin.txt,70,200,成功,h264,1920x1080,25.0,有音频,0.345
[BD]靖天資訊,https://stream1.freetv.fun/7981ca691714bb176542ea0666d1a0283ac86a9dfc513ddfc81ce6450a716116.m3u8,,靖天資訊,台灣,國語,https://epg.pw/media/images/channel/2023/07/20/large/20230720211439196918_86.png,新聞,1920x1080,epg-pw.txt,4,403,成功,h264,1920x1080,30.0,有音频,7.769
浙江数码时代,https://ali-m-l.cztv.com/channels/lantian/channel012/1080p.m3u8\r\n,,浙江数码时代,,,浙江数码时代.png,☘️浙江频道,1920x1080,Guovin.txt,1310,200,成功,h264,1920x1080,25.0,有音频,3.098
浙江生活,http://ali-vl.cztv.com/channels/lantian/channel003/360p.m3u8,,浙江生活,,,浙江生活.png,☘️浙江频道,640x360,Guovin.txt,362,200,成功,h264,640x360,25.0,有音频,1.902
[BD]台灣戲劇[geo-blocked],https://stream1.freetv.fun/fb735d3222905ee1bad24ebf0c5e3f6f91ac8af148845cfcb57be21a85768470.m3u8,,臺灣戲劇臺,台灣,國語,https://epg.pw/media/images/channel/2022/02/10/large/20220210222715150771_24.png,電影,1920x1080,epg-pw.txt,4,403,成功,h264,1920x1080,30.0,有音频,12.962
[BD]華視新聞,https://stream1.freetv.fun/b229a59f4fa8ef54b680f2d9c09d146db69c26911481908b22335388c25343cd.m3u8,,華視新聞,台灣,國語,https://epg.pw/media/uploads/tmp_logo/2017/05/08/20170508123606517919_39.png,新聞,1920x1080,epg-pw.txt,6,403,成功,h264,1920x1080,30.0,有音频,10.709
CCTV-5+,https://www.freetv.top/migu/641886773.m3u8?migutoken=408252ae4ee84d4533a52e87dc35e108f3557992d0837a3c98af9093fccdb78373328e743136467868d2125b1fa35c3f4d576327db5e3ec96ec3108e28e950fb462f2dc81da44be8ae43ebe0ce,,CCTV5+,,,CCTV5+.png,📺央视频道,1920x1080,Guovin.txt,1399,200,成功,h264,1920x1080,30.0,有音频,0.808
CCTV-5,https://www.freetv.top/migu/641886683.m3u8?migutoken=3e5c01f93922de8d1c940fe15bb47349b27e8f7a2e624dde1a83dff3b2a80f58b7624151a3a4d00488edee34f202818557340903382fae02bb754084eb942bd50e59061df36fab62fb5b908903,,CCTV5,,,CCTV5.png,📺央视频道,1920x1080,Guovin.txt,1453,200,成功,h264,1920x1080,30.0,有音频,1.236
[BD]民視新聞,https://stream1.freetv.fun/33ae9aa2523492a0deb1bebba74b646b746cf674d50b753e7c4c06305d3fe40b.m3u8,,民視新聞 HD,台灣,國語,https://epg.pw/media/images/channel/2022/05/06/large/20220506171601310367_14.png,新聞,1920x1080,epg-pw.txt,14,403,成功,h264,1920x1080,29.97002997002997,有音频,0.643
浙江休闲台,http://ali-m-l.cztv.com/channels/lantian/channel006/720p.m3u8,,浙江休闲台,,,浙江休闲台.png,☘️浙江频道,1280x720,Guovin.txt,630,200,成功,h264,1280x720,25.0,有音频,1.905
CCTV-11,http://69.30.246.194/live/cctv11.m3u8,,CCTV11,,,CCTV11.png,📺央视频道,1920x1080,Guovin.txt,13,200,成功,h264,1920x1080,25.0,有音频,0.177
广东卫视,http://23.237.228.134/live6/guangdong.m3u8,,广东卫视,,,广东卫视.png,📡卫视频道,1920x1080,Guovin.txt,130,200,成功,h264,1920x1080,25.0,有音频,0.563
[BD]民視新聞,https://stream1.freetv.fun/b73947bff15ede055a3d69121912d79a38cde7937e834276ed9e69804a6a0fb3.m3u8,,民視新聞 HD,台灣,國語,https://epg.pw/media/images/channel/2022/05/06/large/20220506171601310367_14.png,新聞,1920x1080,epg-pw.txt,15,403,成功,h264,1920x1080,30.0,无音频,8.152
CCTV-5+,https://www.freetv.top/migu/641886773.m3u8?migutoken=03a1b82e35e58cd89a95034ecb29e77e50493397000ec2b1e4d1ce59af01e6420d6dbc068c8230ec03be3a35a20eed8714e0959e3570a08713a7a2e8d86085eabf8f1aa85744c80c38343988b2,,CCTV5+,,,CCTV5+.png,📺央视频道,1920x1080,Guovin.txt,1455,200,成功,h264,1920x1080,30.0,有音频,1.338
湖南卫视,http://tvlist.top/jd/index.php?id=hunanws&qt=183.224.122.114:8014,,湖南卫视,,,湖南卫视.png,📡卫视频道,1920x1080,Guovin.txt,2763,200,成功,hevc,1920x1080,25.0,有音频,2.853
CCTV-5+,https://www.freetv.top/migu/641886773.m3u8?migutoken=d7396c05a877872a7519b5df4582a7a4bdf13c82d09889e561f50d0035f006d199741b00d465e4e41b0f706bccfe3420f5d427961e7698ad2a8b8d82d9d320a827310f6c8a7d1c8f203c91b392,,CCTV5+,,,CCTV5+.png,📺央视频道,1920x1080,Guovin.txt,1450,200,成功,h264,1920x1080,30.0,有音频,1.533
湖南卫视,http://38.75.136.137:98/gslb/dsdqbv/hnwshd.m3u8?auth=test20251009,,湖南卫视,,,湖南卫视.png,📡卫视频道,1920x1080,Guovin.txt,156,200,成功,h264,1920x1080,25.0,有音频,0.749
湖南卫视,http://dodge.lwfz.fun:8800/rtp/239.16.20.72:10720,,湖南卫视,,,湖南卫视.png,📡卫视频道,1920x1080,Guovin.txt,813,200,成功,h264,1920x1080,25.0,有音频,7.352
内蒙古卫视,http://23.237.228.134/live8/neimenggu.m3u8,,内蒙古卫视,,,内蒙古卫视.png,📡卫视频道,1920x1080,Guovin.txt,52,200,成功,h264,1920x1080,25.0,有音频,0.564
CCTV-16,http://69.30.246.194/live/cctv16.m3u8,,CCTV16,,,CCTV16.png,📺央视频道,1920x1080,Guovin.txt,49,200,成功,h264,1920x1080,25.0,有音频,0.168
开化国家公园,http://l.cztvcloud.com/channels/lantian/SXkaihua2/720p.m3u8zzhed,,开化国家公园,,,开化国家公园.png,☘️浙江频道,1280x720,Guovin.txt,358,200,成功,h264,1280x720,25.0,有音频,1.931
[BD]靖洋卡通,https://stream1.freetv.fun/b172ccafb847e11a330ab84cd5da83beecd9d15ae982701a3f50e02a339da0af.m3u8,,靖洋卡通,台灣,國語,https://epg.pw/media/images/channel/2022/03/04/large/20220304215939266079_17.png,兒童,1920x1080,epg-pw.txt,5,403,成功,h264,1920x1080,30.0,有音频,10.542
海宁新闻综合,https://p2hs.vzan.com/slowlive/317913155078575177/live.m3u8,,海宁新闻综合,,,海宁新闻综合.png,☘️浙江频道,1280x720,Guovin.txt,2366,200,成功,h264,1280x720,25.0,有音频,2.255
天津卫视,http://23.237.228.134/live8/tianjing.m3u8,,天津卫视,,,天津卫视.png,📡卫视频道,1920x1080,Guovin.txt,73,200,成功,h264,1920x1080,25.0,有音频,1.244
[BD]民視台灣,https://stream1.freetv.fun/f273bed993b170dbc520d31c8a745063dfcab857a5bef9bc79f07616bfeedbdc.m3u8,,民視臺灣台,台灣,國語,https://epg.pw/media/images/channel/2023/07/24/large/20230724151611469778_92.png,綜合,1920x1080,epg-pw.txt,13,403,成功,h264,1920x1080,30.0,有音频,10.150
[BD]台視,https://stream1.freetv.fun/4e05e88c7593c57a71bc54c463db325ac0cd5e7e8dcd4de586e3921b6a7039ad.m3u8,,臺視HD,台灣,國語,https://epg.pw/media/uploads/tmp_logo/2015/09/29/20150929121750759037_14.jpg,新聞,1920x1080,epg-pw.txt,4,403,成功,h264,1920x1080,30.0,无音频,11.655
浙江经济生活,http://ali-m-l.cztv.com/channels/lantian/channel03/1080p.m3u8#https://ali-m-l.cztv.com/channels/lantian/channel003/1080p.m3u8#http://ali-m-l.cztv.com/channels/lantian/channel003/1080p.m3u8,,浙江经济生活,,,浙江经济生活.png,☘️浙江频道,1920x1080,Guovin.txt,228,200,成功,h264,1920x1080,25.0,有音频,1.947
浙江新闻,http://ali-m-l.cztv.com/channels/lantian/channel07/720p.m3u8,,浙江新闻,,,浙江新闻.png,☘️浙江频道,1280x720,Guovin.txt,268,200,成功,h264,1280x720,25.0,有音频,1.694
CCTV-16,http://38.75.136.137:98/gslb/dsdqpub/cctv16hd.m3u8?auth=testpub,,CCTV16,,,CCTV16.png,📺央视频道,1920x1080,Guovin.txt,140,200,成功,h264,1920x1080,25.0,有音频,0.274
[BD]龍華戲劇[geo-blocked],https://stream1.freetv.fun/1aa0d51b3a0a5c53d77c73dc5fcedca8a23637ae223e3b35fdf3fef9cc1fbe12.m3u8,,龍華戲劇,台灣,國語,https://epg.pw/media/images/channel/2023/07/24/large/20230724170326264507_47.png,電影,1920x1080,epg-pw.txt,21,403,成功,h264,1920x1080,30.0,有音频,11.457
CCTV-5,http://23.237.228.134/live5/CCTV5p.m3u8,,CCTV5,,,CCTV5.png,📺央视频道,1920x1080,Guovin.txt,63,200,成功,h264,1920x1080,25.0,有音频,0.534
山西卫视,http://38.75.136.137:98/gslb/dsdqpub/sxwshd.m3u8?auth=testpub,,山西卫视,,,山西卫视.png,📡卫视频道,1920x1080,Guovin.txt,74,200,成功,h264,1920x1080,25.0,有音频,0.277
湖州文化娱乐,https://hzcm-live.media.hugd.com/613c47f0ab0d4eaa98b21378d0db6ded/0051d31c9dd543a7825eea4e49675b2a.m3u8?auth_key=2277598059-0a5ebfa1c0dc4671b42a60810fc37039-0-fa625b7d1feab612062453c12e3c8887,,湖州文化娱乐,,,湖州文化娱乐.png,☘️浙江频道,1280x720,Guovin.txt,2899,200,成功,h264,1280x720,29.97002997002997,有音频,4.973
山东卫视,http://z.b.bkpcp.top/m.php?id=sdws,,山东卫视,,,山东卫视.png,📡卫视频道,,Guovin.txt,4,429,成功,,,25.0,有音频,16.107
云南卫视,http://38.75.136.137:98/gslb/dsdqpub/ynwshd.m3u8?auth=testpub,,云南卫视,,,云南卫视.png,📡卫视频道,1920x1080,Guovin.txt,137,200,成功,h264,1920x1080,25.0,有音频,0.278
[BD]視納華仁紀實,https://stream1.freetv.fun/7c49d6d7d06de1de41cf2b425286feb4d9750f9b9ee31c7048fd6f25278089ee.m3u8,,視納華仁紀實,台灣,國語,https://epg.pw/media/images/channel/2024/08/14/large/20240814093932687647_39.png,知識,1920x1080,epg-pw.txt,17,403,成功,h264,1920x1080,30.0,有音频,6.870
CCTV-5,http://38.75.136.137:98/gslb/dsdqpub/cctv5p.m3u8?auth=testpub,,CCTV5,,,CCTV5.png,📺央视频道,1920x1080,Guovin.txt,74,200,成功,h264,1920x1080,25.0,有音频,0.291
甘肃卫视,http://38.75.136.137:98/gslb/dsdqpub/gswshd.m3u8?auth=testpub,,甘肃卫视,,,甘肃卫视.png,📡卫视频道,1920x1080,Guovin.txt,147,200,成功,h264,1920x1080,25.0,有音频,0.308
CCTV-4,http://38.75.136.137:98/gslb/dsdqbv/cctv4hd.m3u8?auth=test20251009,,CCTV4,,,CCTV4.png,📺央视频道,1920x1080,Guovin.txt,151,200,成功,h264,1920x1080,25.0,有音频,0.648
[BD]靖天資訊 *4g,https://stream1.freetv.fun/61ca5d87493d6ff407ac1ea5dc2bbd3cb618acb9adccf19f4d5f6b517f1893ca.ctv,,靖天資訊,台灣,國語,https://epg.pw/media/images/channel/2023/07/20/large/20230720211439196918_86.png,新聞,1920x1080,epg-pw.txt,5,403,成功,h264,1920x1080,30.0,有音频,3.283
高尔夫网球,http://38.75.136.137:98/gslb/dsdqpub/gefwq.m3u8?auth=testpub,,高尔夫网球,,,高尔夫网球.png,💰央视付费频道,1920x1080,Guovin.txt,61,200,成功,h264,1920x1080,25.0,有音频,0.282
大湾区卫视,http://z.b.bkpcp.top/m.php?id=dwqws,,大湾区卫视,,,大湾区卫视.png,☘️广东频道,854x480,Guovin.txt,4,429,成功,h264,854x480,25.0,有音频,3.407
[BD]視納華仁紀實,https://stream1.freetv.fun/1eac7a8199bff42f009ebbb217cce778e006cb0adb9720131afb29648d082259.m3u8,,視納華仁紀實,台灣,國語,https://epg.pw/media/images/channel/2024/08/14/large/20240814093932687647_39.png,知識,1920x1080,epg-pw.txt,17,403,成功,h264,1920x1080,30.0,无音频,7.639
浙江教科影视,http://ali-m-l.cztv.com/channels/lantian/channel04/1080p.m3u8,,浙江教科影视,,,浙江教科影视.png,☘️浙江频道,1920x1080,Guovin.txt,877,200,成功,h264,1920x1080,25.0,有音频,1.940
宁夏卫视,http://38.75.136.137:98/gslb/dsdqpub/nxws.m3u8?auth=testpub,,宁夏卫视,,,宁夏卫视.png,📡卫视频道,1920x1080,Guovin.txt,146,200,成功,h264,1920x1080,25.0,有音频,0.284
湖北卫视,http://38.75.136.137:98/gslb/dsdqca/hbwshd.m3u8?auth=test20251009,,湖北卫视,,,湖北卫视.png,📡卫视频道,1920x1080,Guovin.txt,70,200,成功,h264,1920x1080,25.0,有音频,0.329
广州综合,https://stream1.freetv.fun/yan-zhou-zong-he-9.ctv,,广州综合,,,广州综合.png,☘️广东频道,1920x1080,Guovin.txt,4,403,成功,h264,1920x1080,25.0,有音频,5.444
广州综合,http://php.jdshipin.com:8880/gztv.php?id=zhonghe,,广州综合,,,广州综合.png,☘️广东频道,1280x720,Guovin.txt,4393,200,成功,h264,1280x720,25.0,有音频,19.510
浙江教育,http://ali-m-l.cztv.com/channels/lantian/channel04/720p.m3u8,,浙江教育,,,浙江教育.png,☘️浙江频道,1280x720,Guovin.txt,209,200,成功,h264,1280x720,25.0,有音频,1.997
[BD]靖天資訊[geo-blocked],https://stream1.freetv.fun/a0b4e46c178ec15af02bc1c2979a81a9969c8d849533d4acd9191c45918b5485.m3u8,,靖天資訊,台灣,國語,https://epg.pw/media/images/channel/2023/07/20/large/20230720211439196918_86.png,新聞,1920x1080,epg-pw.txt,5,403,成功,h264,1920x1080,30.0,无音频,9.882
广东卫视,http://38.75.136.137:98/gslb/dsdqpub/gdwshd.m3u8?auth=testpub,,广东卫视,,,广东卫视.png,📡卫视频道,1920x1080,Guovin.txt,150,200,成功,h264,1920x1080,25.0,有音频,0.274
CCTV-5,http://38.75.136.137:98/gslb/dsdqbv/cctv5p.m3u8?auth=test20251009,,CCTV5,,,CCTV5.png,📺央视频道,1920x1080,Guovin.txt,98,200,成功,h264,1920x1080,25.0,有音频,0.628
三沙卫视,http://38.75.136.137:98/gslb/dsdqpub/ssws.m3u8?auth=testpub,,三沙卫视,,,三沙卫视.png,📡卫视频道,1920x1080,Guovin.txt,61,200,成功,h264,1920x1080,25.0,有音频,0.297
黑龙江卫视,http://23.237.228.134/live6/heilongjiang.m3u8,,黑龙江卫视,,,黑龙江卫视.png,📡卫视频道,1920x1080,Guovin.txt,73,200,成功,h264,1920x1080,25.0,有音频,0.573
东南卫视,http://38.75.136.137:98/gslb/dsdqpub/dnwshd.m3u8?auth=testpub,,东南卫视,,,东南卫视.png,📡卫视频道,1920x1080,Guovin.txt,110,200,成功,h264,1920x1080,25.0,有音频,0.258
[BD]豬哥亮歌廳秀,https://stream1.freetv.fun/ca973e2f1c71bd1141074fc1951ebd8a310ef79aeeb4472236a4d6c12aec7d36.m3u8,370186,豬哥亮歌廳秀,台灣,國語,https://epg.pw/media/images/channel/2024/10/22/large/20241022022602435323_42.jpg,綜藝,1920x1080,epg-pw.txt,6,403,成功,h264,1920x1080,30.0,有音频,8.083
CCTV-16,http://38.75.136.137:98/gslb/dsdqca/cctv16hd.m3u8?auth=test20251009,,CCTV16,,,CCTV16.png,📺央视频道,1920x1080,Guovin.txt,163,200,成功,h264,1920x1080,25.0,有音频,0.368
[BD]民視台灣 *4g,https://stream1.freetv.fun/a6000b0b2769a076c4f3552f39430191a73d1e1cf7b82ad6595a8258c1c457f6.ctv,,民視臺灣臺,台灣,國語,https://epg.pw/media/images/channel/2022/11/26/large/20221126220034637848_50.jpg,綜合,1920x1080,epg-pw.txt,5,403,成功,h264,1920x1080,30.0,有音频,3.531
松阳综合,http://l.cztvcloud.com/channels/lantian/SXsongyang1/720p.m3u8?fbl=,,松阳综合,,,松阳综合.png,☘️浙江频道,1920x1080,Guovin.txt,339,200,成功,h264,1920x1080,25.0,有音频,3.097
世界地理,http://38.75.136.137:98/gslb/dsdqpub/sjdl.m3u8?auth=testpub,,世界地理,,,世界地理.png,💰央视付费频道,1920x1080,Guovin.txt,117,200,成功,h264,1920x1080,25.0,有音频,0.275
吉林卫视,http://23.237.228.134/live8/jilin.m3u8,,吉林卫视,,,吉林卫视.png,📡卫视频道,1920x1080,Guovin.txt,70,200,成功,h264,1920x1080,25.0,有音频,0.571
CCTV-11,http://38.75.136.137:98/gslb/dsdqpub/cctv11hd.m3u8?auth=testpub,,CCTV11,,,CCTV11.png,📺央视频道,1920x1080,Guovin.txt,75,200,成功,h264,1920x1080,25.0,有音频,0.259
浙江新闻,https://stream1.freetv.fun/zhe-jiang-xin-wen-2.ctv,,浙江新闻,,,浙江新闻.png,☘️浙江频道,1920x1080,Guovin.txt,4,403,成功,h264,1920x1080,25.0,有音频,4.050
CCTV-10,http://38.75.136.137:98/gslb/dsdqca/cctv10hd.m3u8?auth=test20251009,,CCTV10,,,CCTV10.png,📺央视频道,1920x1080,Guovin.txt,88,200,成功,h264,1920x1080,25.0,有音频,0.376
[BD]民視台灣,https://stream1.freetv.fun/326c007f188e364cf547c05aa0677bc28799c638710aa8359143ee3e04f487cf.m3u8,,民視臺灣台,台灣,國語,https://epg.pw/media/images/channel/2023/07/24/large/20230724151611469778_92.png,綜合,1920x1080,epg-pw.txt,5,403,成功,h264,1920x1080,30.0,无音频,10.576
浙江卫视,http://tvlist.top/jd/index.php?id=zjws&qt=183.224.122.114:8014,,浙江卫视,,,浙江卫视.png,📡卫视频道,1920x1080,Guovin.txt,3410,200,成功,hevc,1920x1080,25.0,有音频,2.779
山西卫视,http://23.237.228.134/live8/shanxiws.m3u8,,山西卫视,,,山西卫视.png,📡卫视频道,1920x1080,Guovin.txt,52,200,成功,h264,1920x1080,25.0,有音频,0.582
新疆卫视,http://goo.bkpcp.top/mg/xjws,,新疆卫视,,,新疆卫视.png,📡卫视频道,1280x720,Guovin.txt,1735,403,成功,h264,1280x720,25.0,有音频,6.632
CCTV-5,http://23.237.228.134/live5/CCTV5.m3u8,,CCTV5,,,CCTV5.png,📺央视频道,1920x1080,Guovin.txt,102,200,成功,h264,1920x1080,25.0,有音频,0.560
CCTV-16,http://38.75.136.137:98/gslb/dsdqbv/cctv16hd.m3u8?auth=test20251009,,CCTV16,,,CCTV16.png,📺央视频道,1920x1080,Guovin.txt,218,200,成功,h264,1920x1080,25.0,有音频,0.636
湖南卫视,http://23.237.228.134/live6/hunan.m3u8,,湖南卫视,,,湖南卫视.png,📡卫视频道,1920x1080,Guovin.txt,78,200,成功,h264,1920x1080,25.0,有音频,0.562
CCTV-6,http://38.75.136.137:98/gslb/dsdqca/cctv6hd.m3u8?auth=test20251009,,CCTV6,,,CCTV6.png,📺央视频道,1920x1080,Guovin.txt,87,200,成功,h264,1920x1080,25.0,有音频,0.375
庆元综合,http://l.cztvcloud.com/channels/lantian/SXqingyuan1/720p.m3u8?fbl=,,庆元综合,,,庆元综合.png,☘️浙江频道,1920x1080,Guovin.txt,337,200,成功,h264,1920x1080,25.0,有音频,2.413
[BD]民視新聞 *4g,https://stream1.freetv.fun/3248d0e23cb69f1fa12c791f0a1cb9c6b2577401c7c6f3c1678da0c306de7b5d.ctv,,民視新聞HD,台灣,國語,https://epg.pw/media/images/channel/2023/07/24/large/20230724152553016179_83.png,新聞,1920x1080,epg-pw.txt,4,403,成功,h264,1920x1080,30.0,有音频,3.214
天津卫视,http://38.75.136.137:98/gslb/dsdqpub/tjwshd.m3u8?auth=testpub,,天津卫视,,,天津卫视.png,📡卫视频道,1920x1080,Guovin.txt,1012,200,成功,h264,1920x1080,25.0,有音频,0.276
海南卫视,http://j.x.bkpcp.top/jx/HAINHD,,海南卫视,,,海南卫视.png,📡卫视频道,1920x1080,Guovin.txt,265,429,成功,h264,1920x1080,25.0,有音频,0.585
东南卫视,http://38.75.136.137:98/gslb/dsdqca/dnwshd.m3u8?auth=test20251009,,东南卫视,,,东南卫视.png,📡卫视频道,1920x1080,Guovin.txt,123,200,成功,h264,1920x1080,25.0,有音频,0.362
[BD]靖洋卡通,https://stream1.freetv.fun/4f9da6d6dd519b0444434200bd7d574f9174d80e19df59a1748c67433051604e.m3u8,,靖洋卡通,台灣,國語,https://epg.pw/media/images/channel/2022/03/04/large/20220304215939266079_17.png,兒童,1920x1080,epg-pw.txt,4,403,成功,h264,1920x1080,30.0,无音频,10.532
CCTV-10,http://38.75.136.137:98/gslb/dsdqpub/cctv10hd.m3u8?auth=testpub,,CCTV10,,,CCTV10.png,📺央视频道,1920x1080,Guovin.txt,61,200,成功,h264,1920x1080,25.0,有音频,0.336
[BD]龍華日韓[geo-blocked],https://stream1.freetv.fun/c35fdbc18d8b40ce087dea6e58e5dae1e413ce86d9e4d54060303b51fe69f5a9.m3u8,,龍華日韓,台灣,國語,https://epg.pw/media/images/channel/2023/07/11/large/20230711230359148592_68.jpg,電影,1920x1080,epg-pw.txt,17,403,成功,h264,1920x1080,30.0,有音频,11.701
浙江公共新闻,http://ali-m-l.cztv.com/channels/lantian/channel07/1080p.m3u8,,浙江公共新闻,,,浙江公共新闻.png,☘️浙江频道,1920x1080,Guovin.txt,911,200,成功,h264,1920x1080,25.0,有音频,2.254
[BD]靖洋卡通 *4g,https://stream1.freetv.fun/33d32b583492b1a24d00a0f82fd560a12f69c1764ca783b79c4734cf0be9478d.ctv,,靖洋卡通,台灣,國語,https://epg.pw/media/images/channel/2022/03/04/large/20220304215939266079_17.png,兒童,1920x1080,epg-pw.txt,5,403,成功,h264,1920x1080,30.0,有音频,2.874
[BD]台視新聞,https://stream1.freetv.fun/d96ca80f2e6d7eb1a1737aaf17284caded271210e4432dfb4378a9ab6d8ef7b2.m3u8,,臺視新聞臺,台灣,國語,https://epg.pw/media/uploads/tmp_logo/2016/11/22/20161122123940121042_91.png,新聞,1920x1080,epg-pw.txt,5,403,成功,h264,1920x1080,29.97002997002997,有音频,0.536
CCTV-15,http://38.75.136.137:98/gslb/dsdqca/cctv15hd.m3u8?auth=test20251009,,CCTV15,,,CCTV15.png,📺央视频道,1920x1080,Guovin.txt,131,200,成功,h264,1920x1080,25.0,有音频,0.347
云南卫视,http://23.237.228.134/live8/yunnan.m3u8,,云南卫视,,,云南卫视.png,📡卫视频道,1920x1080,Guovin.txt,73,200,成功,h264,1920x1080,25.0,有音频,3.300
浙江新闻,https://stream1.freetv.fun/zhe-jiang-xin-wen-1.m3u8,,浙江新闻,,,浙江新闻.png,☘️浙江频道,1920x1080,Guovin.txt,6,403,成功,h264,1920x1080,25.0,有音频,2.945
湖北卫视,http://38.75.136.137:98/gslb/dsdqpub/hbwshd.m3u8?auth=testpub,,湖北卫视,,,湖北卫视.png,📡卫视频道,1920x1080,Guovin.txt,61,200,成功,h264,1920x1080,25.0,有音频,0.261
平湖民生休闲,http://l.cztvcloud.com/channels/lantian/SXpinghu2/720p.m3u8?zzhed,,平湖民生休闲,,,平湖民生休闲.png,☘️浙江频道,1280x720,Guovin.txt,344,200,成功,h264,1280x720,25.0,有音频,1.898
东南卫视,http://23.237.228.134/live8/gansu.m3u8,,东南卫视,,,东南卫视.png,📡卫视频道,1920x1080,Guovin.txt,125,200,成功,h264,1920x1080,25.0,有音频,0.563
湖州公共,https://stream1.freetv.fun/hu-zhou-gong-gong-3.m3u8,,湖州公共,,,湖州公共.png,☘️浙江频道,1280x720,Guovin.txt,5,403,成功,h264,1280x720,25.0,有音频,2.593
苍南新闻综合,http://l.cztvcloud.com/channels/lantian/SXcangnan1/720p.m3u8?zzhed,,苍南新闻综合,,,苍南新闻综合.png,☘️浙江频道,1920x1080,Guovin.txt,362,200,成功,h264,1920x1080,25.0,有音频,2.929
普陀电视台,http://l.cztvcloud.com/channels/lantian/SXputuo1/720p.m3u8?zzhed#http://l.cztvcloud.com/channels/lantian/SXputuo1/720p.m3u8,,普陀电视台,,,普陀电视台.png,☘️浙江频道,1280x720,Guovin.txt,359,200,成功,h264,1280x720,,有音频,2.003
山西卫视,http://23.237.228.134/live8/shanxi.m3u8,,山西卫视,,,山西卫视.png,📡卫视频道,1920x1080,Guovin.txt,53,200,成功,h264,1920x1080,25.0,有音频,1.337
绍兴公共,https://stream1.freetv.fun/shao-xing-gong-gong-3.m3u8,,绍兴公共,,,绍兴公共.png,☘️浙江频道,1280x720,Guovin.txt,5,403,成功,h264,1280x720,30.0,有音频,4.715
[BD]台視新聞,https://stream1.freetv.fun/3b762a10c1183c55c9827f9b482cf7875dc014aec8dd89a6c6ca320a3e0de49e.m3u8,,臺視新聞臺,台灣,國語,https://epg.pw/media/uploads/tmp_logo/2016/11/22/20161122123940121042_91.png,新聞,1920x1080,epg-pw.txt,5,403,成功,h264,1920x1080,30.0,无音频,9.656
中国蓝新闻,http://ali-m-l.cztv.com/channels/lantian/channel009/1080p.m3u8,,中国蓝新闻,,,中国蓝新闻.png,☘️浙江频道,1920x1080,Guovin.txt,245,200,成功,h264,1920x1080,25.0,有音频,1.327
绍兴电视台公共,http://live.shaoxing.com.cn/video/s10001-sxtv2/index.m3u8?%E5%85%B3%E6%B3%A8%E5%BE%AE%E4%BF%A1%E5%85%AC%E4%BC%97%E5%8F%B7[%E6%99%B4%E5%9B%AD],,绍兴电视台公共,,,绍兴电视台公共.png,☘️浙江频道,1280x720,Guovin.txt,1760,200,成功,h264,1280x720,30.0,有音频,3.472
浙江民生,https://stream1.freetv.fun/zhe-jiang-min-sheng-2.m3u8,,浙江民生,,,浙江民生.png,☘️浙江频道,1920x1080,Guovin.txt,6,403,成功,h264,1920x1080,25.0,有音频,3.745
[BD]龍華日韓[geo-blocked],https://stream1.freetv.fun/d1c3fd51d6e6f164825d7d88a830c4bcea1ce2e8b11939e5e39c5798bcf32e14.m3u8,,龍華日韓,台灣,國語,https://epg.pw/media/images/channel/2023/07/11/large/20230711230359148592_68.jpg,電影,1920x1080,epg-pw.txt,6,403,成功,h264,1920x1080,30.0,有音频,13.878
浙江新闻,https://stream1.freetv.fun/zhe-jiang-xin-wen-5.m3u8,,浙江新闻,,,浙江新闻.png,☘️浙江频道,640x360,Guovin.txt,4,403,成功,h264,640x360,25.0,有音频,2.170
CCTV-13,https://event.pull.hebtv.com/jishi/cp1.m3u8,,CCTV13,,,CCTV13.png,📺央视频道,1920x1080,Guovin.txt,2307,200,成功,h264,1920x1080,25.0,有音频,4.921
[BD]達文西,https://stream1.freetv.fun/7f28b21fefc4e6f21894f94e411873ffaff2b2e1a22df9393cdb799d59f8d268.m3u8,,達文西頻道,台灣,國語,https://epg.pw/media/images/channel/2024/08/14/large/20240814042042678791_12.png,知識,1920x1080,epg-pw.txt,386,403,成功,h264,1920x1080,30.0,无音频,5.868
青海卫视,http://goo.bkpcp.top/mg/qhws,,青海卫视,,,青海卫视.png,📡卫视频道,1280x720,Guovin.txt,770,403,成功,h264,1280x720,25.0,有音频,11.334
[BD]靖天卡通 *4g,https://stream1.freetv.fun/ec92ccd0e98fd55e93c1cd53f5718823cbc0d82e142eff89e2b6bdbaa2f21d5b.ctv,,靖天卡通,台灣,國語,https://epg.pw/media/images/channel/2023/07/20/large/20230720211529385804_31.png,兒童,1920x1080,epg-pw.txt,361,403,成功,h264,1920x1080,30.0,有音频,2.971
[BD]台視新聞,https://stream1.freetv.fun/ffa3a8fc52b4834c300b3587a667310b5eb8a46d000498709791be4bd1799514.m3u8,,臺視新聞臺,台灣,國語,https://epg.pw/media/uploads/tmp_logo/2016/11/22/20161122123940121042_91.png,新聞,1920x1080,epg-pw.txt,13,403,成功,h264,1920x1080,29.97002997002997,有音频,0.563
浙江生活,https://stream1.freetv.fun/zhe-jiang-jing-ji-sheng-huo-1.ctv,,浙江生活,,,浙江生活.png,☘️浙江频道,1920x1080,Guovin.txt,16,403,成功,h264,1920x1080,25.0,有音频,2.697
青海卫视,http://z.b.bkpcp.top/m.php?id=qhws,,青海卫视,,,青海卫视.png,📡卫视频道,1280x720,Guovin.txt,888,403,成功,h264,1280x720,25.0,有音频,12.311
CCTV-3,http://38.75.136.137:98/gslb/dsdqca/cctv3hd.m3u8?auth=test20251009,,CCTV3,,,CCTV3.png,📺央视频道,1920x1080,Guovin.txt,70,200,成功,h264,1920x1080,25.0,有音频,0.357
绍兴新闻综合,https://stream1.freetv.fun/shao-xing-xin-wen-zong-he-4.m3u8,,绍兴新闻综合,,,绍兴新闻综合.png,☘️浙江频道,720x576,Guovin.txt,5,403,成功,h264,720x576,25.0,有音频,5.185
CCTV-9,http://yp.qqqtv.top/1/api.php?id=CCTV-9HD&auth=666858,,CCTV9,,,CCTV9.png,📺央视频道,1920x1080,Guovin.txt,1164,200,成功,h264,1920x1080,25.0,有音频,0.910
河南卫视,http://23.237.228.134/live6/henan.m3u8,,河南卫视,,,河南卫视.png,📡卫视频道,1920x1080,Guovin.txt,52,200,成功,h264,1920x1080,25.0,有音频,0.563
东方卫视,https://www.freetv.top/migu/651632648.m3u8?migutoken=67b4219a3e6acdcf288118ed6bf84d3197052966f0bc854079b6038b3fca6437744ca78bb0ea1fad6f61b4c73d0df57bd8b539ec247fd28ce16d1375716bbf774ea19c99e4585bb828fa3851c0,,东方卫视,,,东方卫视.png,📡卫视频道,1920x1080,Guovin.txt,309,200,成功,h264,1920x1080,30.0,有音频,0.889
CCTV-11,http://38.75.136.137:98/gslb/dsdqbv/cctv11hd.m3u8?auth=test20251009,,CCTV11,,,CCTV11.png,📺央视频道,1920x1080,Guovin.txt,154,200,成功,h264,1920x1080,25.0,有音频,0.603
[BD]豬哥亮歌廳秀,https://stream1.freetv.fun/be924942720956197356cb91086b2ad44d7c4caf4ac2f3e15acef09df02c7f7f.m3u8,370186,豬哥亮歌廳秀,台灣,國語,https://epg.pw/media/images/channel/2024/10/22/large/20241022022602435323_42.jpg,綜藝,1920x1080,epg-pw.txt,6,403,成功,h264,1920x1080,30.0,无音频,13.114
[BD]龍華洋片,https://stream1.freetv.fun/0802b078d355684c617b3feb8b16241b963e75bf0f57d5e12b3182dcdd7fce9d.m3u8,,龍華洋片,台灣,英文,https://epg.pw/media/images/channel/2022/11/26/large/20221126162837055899_54.jpg,電影,1920x1080,epg-pw.txt,5,403,成功,h264,1920x1080,30.0,有音频,13.831
湖州公共,https://stream1.freetv.fun/hu-zhou-gong-gong-1.m3u8,,湖州公共,,,湖州公共.png,☘️浙江频道,1280x720,Guovin.txt,16,403,成功,h264,1280x720,25.0,有音频,2.140
黑龙江卫视,http://j.x.bkpcp.top/jx/HEILJHD,,黑龙江卫视,,,黑龙江卫视.png,📡卫视频道,1920x1080,Guovin.txt,264,429,成功,h264,1920x1080,25.0,有音频,0.561
[BD]精選動漫,https://stream1.freetv.fun/ff94c0a44de701e4a9ca31c24b8b803f01b50f7907c6ad5b53dfea5eaaf2cd95.m3u8,370262,精選動漫臺,台灣,國語,https://epg.pw/media/images/channel/2023/06/05/large/20230605010526048942_44.jpg,兒童,1920x1080,epg-pw.txt,5,403,成功,h264,1920x1080,30.0,有音频,11.222
[BD]龍華洋片[geo-blocked],https://stream1.freetv.fun/5d53af30b7b982b4456b3f955d3797decb12d7d059199ff1f7d49e6c38d1b5f5.m3u8,,龍華洋片,台灣,英文,https://epg.pw/media/images/channel/2022/11/26/large/20221126162837055899_54.jpg,電影,1920x1080,epg-pw.txt,5,403,成功,h264,1920x1080,30.0,有音频,11.641
[BD]達文西,https://stream1.freetv.fun/9f2f2182d5c498a112a56d2a624faddca763989cf124c312d9058fa0f27f637a.m3u8,,達文西頻道,台灣,國語,https://epg.pw/media/images/channel/2024/08/14/large/20240814042042678791_12.png,知識,1920x1080,epg-pw.txt,6,403,成功,h264,1920x1080,30.0,有音频,9.726
[BD]靖天卡通,https://stream1.freetv.fun/46e80ca768c81b15457a32d15bc2a70e55316d88ecbef1a526933b38a5f22d28.m3u8,,靖天卡通,台灣,國語,https://epg.pw/media/images/channel/2023/07/20/large/20230720211529385804_31.png,兒童,1920x1080,epg-pw.txt,363,403,成功,h264,1920x1080,30.0,有音频,6.255
CCTV-15,https://www.freetv.top/migu/673168223.m3u8?migutoken=4e8d5766579c6bef231494cabd07e5b49d965804790214280c9791e4c331fd90311cb62ea43d3a1899229bfa57be4afe5a567b32a6b78153fc9a9801e28a39435e078b48c211e71d6083519be4,,CCTV15,,,CCTV15.png,📺央视频道,1920x1080,Guovin.txt,304,200,成功,h264,1920x1080,30.0,有音频,0.831
浙江教育,http://ali-vl.cztv.com/channels/lantian/channel004/360p.m3u8,,浙江教育,,,浙江教育.png,☘️浙江频道,640x360,Guovin.txt,296,200,成功,h264,640x360,25.0,有音频,1.745
东方卫视,http://38.75.136.137:98/gslb/dsdqca/dfwshd.m3u8?auth=test20251009,,东方卫视,,,东方卫视.png,📡卫视频道,1920x1080,Guovin.txt,73,200,成功,h264,1920x1080,25.0,有音频,0.391
浙江钱江,http://ali-m-l.cztv.com/channels/lantian/channel02/1080p.m3u8,,浙江钱江,,,浙江钱江.png,☘️浙江频道,1920x1080,Guovin.txt,303,200,成功,h264,1920x1080,25.0,有音频,1.983
[BD]靖天映畫,https://stream1.freetv.fun/6a1e8d407e8ed387a71de7c13e407df602ae335c80c09fc93a5b74277d277772.m3u8,,靖天映畫,台灣,國語,https://epg.pw/media/images/channel/2023/07/20/large/20230720211824734749_31.png,電影,1920x1080,epg-pw.txt,6,403,成功,h264,1920x1080,30.0,无音频,3.336
[BD]靖洋戲劇,https://stream1.freetv.fun/f1e344189a67e66a46b6d50d55235b363e6f0e5a5050ca85f0638b9b22196920.m3u8,,靖洋戲劇,台灣,國語,https://epg.pw/media/images/channel/2023/07/11/large/20230711224936326578_83.jpg,電影,1920x1080,epg-pw.txt,5,403,成功,h264,1920x1080,30.0,有音频,10.348
嵊州新闻综合,http://l.cztvcloud.com/channels/lantian/SXshengzhou1/720p.m3u8?zzhed#http://l.cztvcloud.com/channels/lantian/SXshengzhou1/720p.m3u8,,嵊州新闻综合,,,嵊州新闻综合.png,☘️浙江频道,1280x720,Guovin.txt,752,200,成功,h264,1280x720,25.0,有音频,2.638
深圳卫视,http://38.75.136.137:98/gslb/dsdqpub/szwshd.m3u8?auth=testpub,,深圳卫视,,,深圳卫视.png,📡卫视频道,1920x1080,Guovin.txt,62,200,成功,h264,1920x1080,25.0,有音频,0.286
内蒙古卫视,http://j.x.bkpcp.top/jx/NMGWS,,内蒙古卫视,,,内蒙古卫视.png,📡卫视频道,1920x1080,Guovin.txt,265,429,成功,h264,1920x1080,25.0,有音频,0.701
CETV-2,https://migu.188766.xyz/?migutoken=98daa3ba4c81372351b73d9075023b9b&id=CETV2&type=yy,,CETV2,,,CETV2.png,📺央视频道,1920x1080,Guovin.txt,39,403,成功,h264,1920x1080,28.0,有音频,0.515
湖北卫视,http://23.237.228.134/live6/hubei.m3u8,,湖北卫视,,,湖北卫视.png,📡卫视频道,1920x1080,Guovin.txt,93,200,成功,h264,1920x1080,25.0,有音频,0.576
普陀电视台,https://l.cztvcloud.com/channels/lantian/SXputuo1/720p.m3u8,,普陀电视台,,,普陀电视台.png,☘️浙江频道,1280x720,Guovin.txt,366,200,成功,h264,1280x720,,有音频,4.359
央视台球,https://epg.pw/stream/25677ac2e8c1f7c3dd6359c43eb5f0f54efb3f5c11f9dda18d01b3e0308ed017.m3u8,,央视台球,,,央视台球.png,💰央视付费频道,1280x720,Guovin.txt,125,200,成功,h264,1280x720,25.0,有音频,1.321
CCTV-3,http://38.75.136.137:98/gslb/dsdqbv/cctv3hd.m3u8?auth=test20251009,,CCTV3,,,CCTV3.png,📺央视频道,1920x1080,Guovin.txt,150,200,成功,h264,1920x1080,25.0,有音频,0.710
浙江公共新闻,https://stream1.freetv.fun/zhe-jiang-gong-gong-xin-wen-1.ctv,,浙江公共新闻,,,浙江公共新闻.png,☘️浙江频道,1920x1080,Guovin.txt,5,403,成功,h264,1920x1080,25.0,有音频,2.771
兵器科技,http://171.83.103.119:9999/rtp/239.69.1.79:10114,,兵器科技,,,兵器科技.png,💰央视付费频道,1920x1080,Guovin.txt,502,200,成功,h264,1920x1080,25.0,有音频,1.603
[BD]民視旅遊,https://stream1.freetv.fun/3439333a186efc0756e2eba2d5dadafc25d63abc56ae450e1d9df49c0180668d.m3u8,,民視旅遊臺,台灣,國語,https://epg.pw/media/images/channel/2022/02/10/large/20220210223228622836_46.png,其它,1920x1080,epg-pw.txt,5,403,成功,h264,1920x1080,30.0,有音频,13.233
广州综合,https://stream1.freetv.fun/yan-zhou-zong-he-11.ctv,,广州综合,,,广州综合.png,☘️广东频道,1280x720,Guovin.txt,5,403,成功,h264,1280x720,25.0,有音频,11.118
海南卫视,http://goo.bkpcp.top/mg/hinws,,海南卫视,,,海南卫视.png,📡卫视频道,1920x1080,Guovin.txt,292,403,成功,h264,1920x1080,25.0,有音频,5.784
河南卫视,http://1.94.31.214/php/hntv.php?id=hnws,,河南卫视,,,河南卫视.png,📡卫视频道,1920x1080,Guovin.txt,2258,200,成功,h264,1920x1080,25.0,有音频,0.793
[BD]采昌影劇 *4g,https://stream1.freetv.fun/7ac997df6b3a70b5cfeca4a56e2a361076c4767b4c9ed108ef23fe9f031b95ba.ctv,,采昌影劇,台灣,國語,https://epg.pw/media/images/channel/2022/08/03/large/20220803165226227722_22.jpg,電影,1920x1080,epg-pw.txt,367,403,成功,h264,1920x1080,30.0,有音频,4.029
浙江民生,https://stream1.freetv.fun/zhe-jiang-min-sheng-5.m3u8,,浙江民生,,,浙江民生.png,☘️浙江频道,1920x1080,Guovin.txt,14,403,成功,h264,1920x1080,25.0,有音频,3.645
湖州新闻综合,https://hzcm-live.media.hugd.com/3f5fa7d64c7c46a38c6bd8ad35e836cc/65128273761b4731ae53729ea6dcf932.m3u8?auth_key=2277598215-9d21c15111244bea8d298c361d31a72e-0-d031198f58d44b0e91ba2e3f3b188865,,湖州新闻综合,,,湖州新闻综合.png,☘️浙江频道,1280x720,Guovin.txt,1903,200,成功,h264,1280x720,29.97002997002997,有音频,4.055
[BD]采昌影劇,https://stream1.freetv.fun/d210db35af5149c2111bc2b9de94bab9cc04aa6dcfb4919f4400da1373fb5b5c.m3u8,,采昌影劇,台灣,國語,https://epg.pw/media/images/channel/2022/08/03/large/20220803165226227722_22.jpg,電影,1920x1080,epg-pw.txt,362,403,成功,h264,1920x1080,30.0,无音频,12.491
[BD]靖天戏剧,https://stream1.freetv.fun/b4f15adf935f16285a2c2ef88df0d5a58dd7934a03a8ec7d9f4e57ca2206faf6.m3u8,,靖天戲劇,台灣,國語,https://epg.pw/media/images/channel/2023/07/20/large/20230720211720021890_59.png,電影,1920x1080,epg-pw.txt,359,403,成功,h264,1920x1080,30.0,无音频,7.052
[BD]靖天電影,https://stream1.freetv.fun/b1820b800ca9b04088f91222c5259417ddbdf04db8121433ffe98d431724eae2.m3u8,,靖天電影,台灣,國語,https://epg.pw/media/images/channel/2023/07/20/large/20230720211600121903_76.png,電影,1920x1080,epg-pw.txt,4,403,成功,h264,1920x1080,30.0,有音频,10.232
青海卫视,http://23.237.228.134/live8/shandong.m3u8,,青海卫视,,,青海卫视.png,📡卫视频道,1920x1080,Guovin.txt,75,200,成功,h264,1920x1080,25.0,有音频,0.600
[BD]靖天映畫 *4g,https://stream1.freetv.fun/78fe39badcf103dac55e3c9cf7ae7117bf8163b841b54847395573abee0adf26.ctv,,靖天映畫,台灣,國語,https://epg.pw/media/images/channel/2023/07/20/large/20230720211824734749_31.png,電影,1920x1080,epg-pw.txt,4,403,成功,h264,1920x1080,30.0,有音频,3.100
东阳影视生活,http://l.cztvcloud.com/channels/lantian/SXdongyang1/720p.m3u8,,东阳影视生活,,,东阳影视生活.png,☘️浙江频道,1280x720,Guovin.txt,593,200,成功,h264,1280x720,25.0,有音频,2.490
吉林卫视,http://j.x.bkpcp.top/jx/JILHD,,吉林卫视,,,吉林卫视.png,📡卫视频道,1920x1080,Guovin.txt,266,429,成功,h264,1920x1080,25.0,有音频,0.563
平湖新闻综合,https://stream1.freetv.fun/ping-hu-xin-wen-zong-he-2.m3u8,,平湖新闻综合,,,平湖新闻综合.png,☘️浙江频道,1280x720,Guovin.txt,5,403,成功,h264,1280x720,25.0,有音频,2.852
[BD]民視旅遊 *4g,https://stream1.freetv.fun/d1b84b5a41392730a476fd9f3834c4d520fff9a47480e53de8251313c1d92b1a.ctv,,民視旅遊臺,台灣,國語,https://epg.pw/media/images/channel/2022/02/10/large/20220210223228622836_46.png,其它,1920x1080,epg-pw.txt,21,403,成功,h264,1920x1080,30.0,有音频,4.190
浙江教科,http://ali-m-l.cztv.com/channels/lantian/channel004/1080p.m3u8,,浙江教科,,,浙江教科.png,☘️浙江频道,1920x1080,Guovin.txt,205,200,成功,h264,1920x1080,25.0,有音频,1.826
河南卫视,http://38.75.136.137:98/gslb/dsdqpub/hawshd.m3u8?auth=testpub,,河南卫视,,,河南卫视.png,📡卫视频道,1920x1080,Guovin.txt,129,200,成功,h264,1920x1080,25.0,有音频,3.126
新昌生活,http://l.cztvcloud.com/channels/lantian/SXxinchang2/720p.m3u8,,新昌生活,,,新昌生活.png,☘️浙江频道,1920x1080,Guovin.txt,263,200,成功,h264,1920x1080,25.0,有音频,2.070
绍兴新闻综合,https://stream1.freetv.fun/shao-xing-xin-wen-zong-he-3.m3u8,,绍兴新闻综合,,,绍兴新闻综合.png,☘️浙江频道,720x576,Guovin.txt,14,403,成功,h264,720x576,25.0,有音频,2.213
[BD]靖洋戲劇,https://stream1.freetv.fun/d8f3f9227495af85b5f1458215017152921500dcb5383e39984a07b75ce2e4cf.m3u8,,靖洋戲劇,台灣,國語,https://epg.pw/media/images/channel/2023/07/11/large/20230711224936326578_83.jpg,電影,1920x1080,epg-pw.txt,5,403,成功,h264,1920x1080,30.0,无音频,11.699
余姚新闻综合,http://l.cztvcloud.com/channels/lantian/SXyuyao1/720p.m3u8?cWlkPSZzPTg3OWMwYmMyZDMzYTFhZGY3NDQxMjgyYTg1MmUzNTY0JmVzPTE3MDY2Nzc4NzMmdXVpZD0yMjdiY2MzNGNiNGY0MThlYjRiY2IxYzcwNmZjODNkMS02NzQ3NDY2NyZ2PTImYXM9MCZjZG5leF9pZD10eF9waG9uZV9saXZl,,余姚新闻综合,,,余姚新闻综合.png,☘️浙江频道,1920x1080,Guovin.txt,1799,200,成功,h264,1920x1080,25.0,有音频,2.016
[BD]經典卡通,https://stream1.freetv.fun/999d5e5605f738c169f98d42b6d5d9502c8b42857e29d0628dbc153785ff75d3.m3u8,370260,經典卡通臺,台灣,國語,https://epg.pw/media/images/channel/2023/06/05/large/20230605010456512902_79.jpg,兒童,1920x1080,epg-pw.txt,15,403,成功,h264,1920x1080,30.0,有音频,10.651
风云足球,http://38.75.136.137:98/gslb/dsdqpub/fyzq.m3u8?auth=testpub,,风云足球,,,风云足球.png,💰央视付费频道,1920x1080,Guovin.txt,74,200,成功,h264,1920x1080,25.0,有音频,0.280
深圳卫视,http://23.237.228.134/live6/shenzhen.m3u8,,深圳卫视,,,深圳卫视.png,📡卫视频道,1920x1080,Guovin.txt,52,200,成功,h264,1920x1080,25.0,有音频,0.579
CCTV-10,http://38.75.136.137:98/gslb/dsdqbv/cctv10hd.m3u8?auth=test20251009,,CCTV10,,,CCTV10.png,📺央视频道,1920x1080,Guovin.txt,101,200,成功,h264,1920x1080,25.0,有音频,0.753
东方卫视,http://38.75.136.137:98/gslb/dsdqpub/dfwshd.m3u8?auth=testpub,,东方卫视,,,东方卫视.png,📡卫视频道,1920x1080,Guovin.txt,62,200,成功,h264,1920x1080,25.0,有音频,0.284
[BD]龍華經典[geo-blocked],https://stream1.freetv.fun/f00958e79023f80ce5592099eb84bab1d5e2625ba275b4f3526fb7d205a12c3a.m3u8,460816,龍華經典,台灣,國語,https://epg.pw/media/images/channel/2023/07/24/large/20230724170642383978_17.png,電影,1920x1080,epg-pw.txt,5,403,成功,h264,1920x1080,30.0,无音频,12.205
[BD]台视新聞,https://stream1.freetv.fun/9e87c84976d8ad7ce1dac1ba154da29c85371dffd4a6c00a3dfde2bf1fed5735.m3u8,,臺視新聞臺,台灣,國語,https://epg.pw/media/uploads/tmp_logo/2016/11/22/20161122123940121042_91.png,新聞,1920x1080,epg-pw.txt,5,403,成功,h264,1920x1080,30.0,有音频,3.549
[SD]经典港片电影,https://stream1.freetv.fun/3fbffb9381f6cfcd5523ae156b83b1a7189dbb92c5165cc1d0fbd2ba18823463.ctv,370259,經典電影臺,台灣,國語,https://epg.pw/media/images/channel/2024/02/28/large/20240228002632629515_75.png,電影,960x540,epg-pw.txt,6,403,成功,h264,960x540,15.0,有音频,6.245
浙江少儿,https://ali-m-l.cztv.com/channels/lantian/channel008/1080p.m3u8,,浙江少儿,,,浙江少儿.png,☘️浙江频道,1920x1080,Guovin.txt,210,200,成功,h264,1920x1080,25.0,有音频,3.159
浙江卫视,https://play-qukan.cztv.com/live/1746687519046362.m3u8,,浙江卫视,,,浙江卫视.png,📡卫视频道,1920x1080,Guovin.txt,1108,200,成功,h264,1920x1080,25.0,有音频,1.395
江苏卫视,http://goo.bkpcp.top/mg/jsws,,江苏卫视,,,江苏卫视.png,📡卫视频道,3840x2160,Guovin.txt,281,403,成功,h264,3840x2160,25.0,有音频,8.891
新疆卫视,http://218.84.12.186:8001/hls/main/playlist.m3u8?zxinjd;http://218.84.12.186:8001/hls/main/playlist.m3u8zxinjd,,新疆卫视,,,新疆卫视.png,📡卫视频道,,Guovin.txt,713,200,成功,h264,,,有音频,1.835
辽宁卫视,http://38.75.136.137:98/gslb/dsdqca/lnwshd.m3u8?auth=test20251009,,辽宁卫视,,,辽宁卫视.png,📡卫视频道,1920x1080,Guovin.txt,68,200,成功,h264,1920x1080,25.0,有音频,0.366
山西卫视,http://j.x.bkpcp.top/jx/SXWS,,山西卫视,,,山西卫视.png,📡卫视频道,1920x1080,Guovin.txt,268,429,成功,h264,1920x1080,25.0,有音频,0.553
[BD]靖洋戲劇 *4g,https://stream1.freetv.fun/51b92dff162b70018ca9593271c5d35d99916433defd778394f4a84e4d78b084.ctv,,靖洋戲劇,台灣,國語,https://epg.pw/media/images/channel/2023/07/11/large/20230711224936326578_83.jpg,電影,1920x1080,epg-pw.txt,14,403,成功,h264,1920x1080,30.0,有音频,3.548
央视台球,https://epg.pw/stream/ca9c1cd4b97fb824cedd7fedfd0c7a950afdd7f00751cfbb7c2d89831d7746a5.m3u8,,央视台球,,,央视台球.png,💰央视付费频道,1280x720,Guovin.txt,124,200,成功,h264,1280x720,25.0,有音频,1.501
CCTV-3,http://23.237.228.134/live5/CCTV3.m3u8,,CCTV3,,,CCTV3.png,📺央视频道,1920x1080,Guovin.txt,52,200,成功,h264,1920x1080,25.0,有音频,0.568
湖州公共民生,http://hzcm-live.media.hugd.com/1e6b554b9ab74513958c0e1ffe664d22/9acaa7634309494cb29a85eb12136607.m3u8?auth_key=2272900830-9a2389b8bf4e49d580d4ad807423d326-0-ea78a5c7a678c436263582d368f5009e,,湖州公共民生,,,湖州公共民生.png,☘️浙江频道,1280x720,Guovin.txt,279,200,成功,h264,1280x720,25.0,有音频,2.123
CCTV-7,http://38.75.136.137:98/gslb/dsdqca/cctv7hd.m3u8?auth=test20251009,,CCTV7,,,CCTV7.png,📺央视频道,1920x1080,Guovin.txt,67,200,成功,h264,1920x1080,25.0,有音频,0.346
怀旧剧场,http://38.75.136.137:98/gslb/dsdqpub/hjjc.m3u8?auth=testpub,,怀旧剧场,,,怀旧剧场.png,💰央视付费频道,1920x1080,Guovin.txt,74,200,成功,h264,1920x1080,25.0,有音频,0.291
浙江公共新闻,https://stream1.freetv.fun/zhe-jiang-gong-gong-xin-wen-1.m3u8,,浙江公共新闻,,,浙江公共新闻.png,☘️浙江频道,1920x1080,Guovin.txt,5,403,成功,h264,1920x1080,25.0,有音频,2.278
[BD]靖天國際[geo-blocked],https://stream1.freetv.fun/b3e8d40fd59fb7c7d9bc56aaf2ce7d7802fd045ff0a6927f8da25ce08baebb5d.m3u8,,靖天國際,台灣,國語,https://epg.pw/media/images/channel/2023/07/20/large/20230720211901276301_20.png,綜合,1920x1080,epg-pw.txt,362,403,成功,h264,1920x1080,30.0,有音频,11.364
CCTV-2,http://38.75.136.137:98/gslb/dsdqca/cctv2hd.m3u8?auth=test20251009,,CCTV2,,,CCTV2.png,📺央视频道,1920x1080,Guovin.txt,73,200,成功,h264,1920x1080,25.0,有音频,0.353
新昌新闻综合,http://l.cztvcloud.com/channels/lantian/SXxinchang1/720p.m3u8,,新昌新闻综合,,,新昌新闻综合.png,☘️浙江频道,1920x1080,Guovin.txt,280,200,成功,h264,1920x1080,25.0,有音频,2.455
[BD]民視旅遊[geo-blocked],https://stream1.freetv.fun/31722c64704aa9b08bcb3e60c495382af09ff69f39c48f2f9a0bf4aafe375003.m3u8,,民視旅遊臺,台灣,國語,https://epg.pw/media/images/channel/2022/02/10/large/20220210223228622836_46.png,其它,1920x1080,epg-pw.txt,14,403,成功,h264,1920x1080,30.0,有音频,13.196
绍兴新闻综合,https://stream1.freetv.fun/shao-xing-xin-wen-zong-he-2.m3u8,,绍兴新闻综合,,,绍兴新闻综合.png,☘️浙江频道,1280x720,Guovin.txt,5,403,成功,h264,1280x720,25.0,有音频,2.577
浙江民生休闲,https://stream1.freetv.fun/zhe-jiang-min-sheng-3.m3u8,,浙江民生休闲,,,浙江民生休闲.png,☘️浙江频道,1280x720,Guovin.txt,7,403,成功,h264,1280x720,25.0,有音频,2.418
[HD]经典香港电影,https://stream1.freetv.fun/9e75bb2b59a56cecec0e95fc73321d1a5bec942307de492aeb4cc7a9663fc021.ctv,,經典電影臺,台灣,國語,https://epg.pw/media/images/channel/2023/04/28/large/20230428003944893108_94.jpg,電影,1280x720,epg-pw.txt,5,403,成功,h264,1280x720,25.0,有音频,4.261
湖南卫视,http://hlsal-ldvt.qing.mgtv.com/nn_live/nn_x64/dWlwPTEyNy4wLjAuMSZ1aWQ9cWluZy1jbXMmbm5fdGltZXpvbmU9OCZjZG5leF9pZD1hbF9obHNfbGR2dCZ1dWlkPTliODY4NmU5ZTM2YzYwMmMmZT02OTE0NjA0JnY9MSZpZD1ITldTWkdTVCZzPTcwN2RiYTc2YzJjNmJmMTQ4MmUyZGYzOWU2NWM3YWFi/HNWSZGST.m3u8,,湖南卫视,,,湖南卫视.png,📡卫视频道,3840x2160,Guovin.txt,1611,200,成功,hevc,3840x2160,25.0,有音频,1.719
平湖新闻综合,http://l.cztvcloud.com/channels/lantian/SXpinghu1/720p.m3u8?zzhed,,平湖新闻综合,,,平湖新闻综合.png,☘️浙江频道,1280x720,Guovin.txt,308,200,成功,h264,1280x720,25.0,有音频,2.611
贵州卫视,http://38.75.136.137:98/gslb/dsdqpub/gzwshd.m3u8?auth=testpub,,贵州卫视,,,贵州卫视.png,📡卫视频道,1920x1080,Guovin.txt,74,200,成功,h264,1920x1080,25.0,有音频,0.312
缙云综合,http://l.cztvcloud.com/channels/lantian/SXjinyun1/720p.m3u8?zzhed,,缙云综合,,,缙云综合.png,☘️浙江频道,1280x720,Guovin.txt,342,200,成功,h264,1280x720,25.0,有音频,2.386
北京卫视,http://38.75.136.137:98/gslb/dsdqpub/bjwshd.m3u8?auth=testpub,,北京卫视,,,北京卫视.png,📡卫视频道,1920x1080,Guovin.txt,74,200,成功,h264,1920x1080,25.0,有音频,0.319
[BD]民視第1 *4g,https://stream1.freetv.fun/74254274c0fae4c41c93d27409cb3ee59ec02eaae9d791ec571abda76c5f7786.ctv,,民視第一台,台灣,國語,https://epg.pw/media/images/channel/2023/07/24/large/20230724152902808091_16.png,綜合,1920x1080,epg-pw.txt,24,403,成功,h264,1920x1080,30.0,有音频,3.868
CCTV-4,https://www.freetv.top/migu/631780421.m3u8?migutoken=fefc6a44400a0dd448699ae0ce3d6e2c5a0f49b8d48adb36e747c4fbab039337eb3244f9951acbddaf26b7bf51597a7d1b43c8845e67fd5914ece875dcad325bb388200bc0f12fdff727d03e2d,,CCTV4,,,CCTV4.png,📺央视频道,1920x1080,Guovin.txt,309,200,成功,h264,1920x1080,30.0,有音频,0.891
浙江少儿,http://ali-m-l.cztv.com/channels/lantian/channel008/1080p.m3u8,,浙江少儿,,,浙江少儿.png,☘️浙江频道,1920x1080,Guovin.txt,205,200,成功,h264,1920x1080,25.0,有音频,1.917
汕头综合,https://stream1.freetv.fun/shan-tou-zong-he-2.ctv,,汕头综合,,,汕头综合.png,☘️广东频道,720x576,Guovin.txt,6,403,成功,h264,720x576,25.0,有音频,2.888
东方卫视,http://69.30.246.194/live/dfws.m3u8,,东方卫视,,,东方卫视.png,📡卫视频道,1920x1080,Guovin.txt,13,200,成功,h264,1920x1080,25.0,有音频,0.172
CCTV-14,https://event.pull.hebtv.com/jishi/cp2.m3u8#rtsp://103.251.96.71/PLTV/88888888/224/3221225783/10000100000000060000000000726027_0.smil?icpid=SSPID&amp;accounttype=1&amp;limitflux=-1&amp;limitdur=-1&amp;accountinfo=:20240213104135,,CCTV14,,,CCTV14.png,📺央视频道,1920x1080,Guovin.txt,460,200,成功,h264,1920x1080,25.0,有音频,4.837
浙江卫视,http://38.75.136.137:98/gslb/dsdqca/zjwshd.m3u8?auth=test20251009,,浙江卫视,,,浙江卫视.png,📡卫视频道,1920x1080,Guovin.txt,87,200,成功,h264,1920x1080,25.0,有音频,0.354
大湾区卫视,https://www.freetv.top/migu/608917627.m3u8?migutoken=913ec7608066b2e139e10a729ed6e0b277096bf7d1577f04dec2f036a15f6db88631747d218643efc7515ff520286e2a56bc4f2231e6d692da49f8d555d3291bbba71e8f2993d5487b41afa6bf,,大湾区卫视,,,大湾区卫视.png,☘️广东频道,1920x1080,Guovin.txt,305,200,成功,h264,1920x1080,30.0,有音频,1.343
辽宁卫视,http://38.75.136.137:98/gslb/dsdqpub/lnwshd.m3u8?auth=testpub,,辽宁卫视,,,辽宁卫视.png,📡卫视频道,1920x1080,Guovin.txt,61,200,成功,h264,1920x1080,25.0,有音频,0.301
香港卫视,https://stream1.freetv.fun/5335c88a9a7d8b74173b491f480d4f94e8d3bd596af54478106aa2399e6c7917.ctv,,香港卫视,,,香港卫视.png,📡卫视频道,1280x720,Guovin.txt,6,403,成功,h264,1280x720,25.0,有音频,1.204
浙江卫视,http://69.30.246.194/live/zjws.m3u8,,浙江卫视,,,浙江卫视.png,📡卫视频道,1920x1080,Guovin.txt,13,200,成功,h264,1920x1080,25.0,有音频,0.210
浙江生活,https://stream1.freetv.fun/zhe-jiang-jing-ji-sheng-huo-4.ctv,,浙江生活,,,浙江生活.png,☘️浙江频道,854x480,Guovin.txt,17,403,成功,h264,854x480,25.0,有音频,4.447
[BD]龍華經典[geo-blocked],https://stream1.freetv.fun/86ad34eafc19bc000e9b655728353e2b9feee73707cb01832697c201c7059ecc.m3u8,460816,龍華經典,台灣,國語,https://epg.pw/media/images/channel/2023/07/24/large/20230724170642383978_17.png,電影,1920x1080,epg-pw.txt,5,403,成功,h264,1920x1080,30.0,有音频,12.204
[BD]靖天國際 *4g,https://stream1.freetv.fun/db5a5d031da58e623a63cad1404b2a4dd07eedb1c2b281380416ad5458c436ba.ctv,,靖天國際,台灣,國語,https://epg.pw/media/images/channel/2023/07/20/large/20230720211901276301_20.png,綜合,1920x1080,epg-pw.txt,366,403,成功,h264,1920x1080,30.0,有音频,3.070
贵州卫视,http://23.237.228.134/live6/hainan.m3u8,,贵州卫视,,,贵州卫视.png,📡卫视频道,1920x1080,Guovin.txt,71,200,成功,h264,1920x1080,25.0,有音频,0.531
[BD]靖天戲劇,https://stream1.freetv.fun/14d4b5e4d1f8ab404614cb24a49b7cdd585ad40bcf0ce7ac493eb94c04a2a6a5.m3u8,,靖天戲劇,台灣,國語,https://epg.pw/media/images/channel/2023/07/20/large/20230720211720021890_59.png,電影,1920x1080,epg-pw.txt,217,403,成功,h264,1920x1080,30.0,有音频,13.189
[BD]靖天卡通,https://stream1.freetv.fun/bc68a0913845c68b66885afb9ced26d054669cdd5b33b8b28b5334ed0427041a.m3u8,,靖天卡通,台灣,國語,https://epg.pw/media/images/channel/2023/07/20/large/20230720211529385804_31.png,兒童,1920x1080,epg-pw.txt,365,403,成功,h264,1920x1080,30.0,无音频,12.144
[BD]靖天歡樂,https://stream1.freetv.fun/6b8f3306e5a4186e1f3ead410c0a41a32de826bce269fe72cbc22fab9d225f5c.m3u8,,靖天歡樂臺,台灣,國語,https://epg.pw/media/images/channel/2023/07/20/large/20230720211755214321_72.png,兒童,1920x1080,epg-pw.txt,6,403,成功,h264,1920x1080,30.0,有音频,7.779
[BD]靖天國際,https://stream1.freetv.fun/fa7629f291f36fec5ffcc080334b645333f72d6e12507bb5ac5f99d903b256a0.m3u8,,靖天國際,台灣,國語,https://epg.pw/media/images/channel/2023/07/20/large/20230720211901276301_20.png,綜合,1920x1080,epg-pw.txt,365,403,成功,h264,1920x1080,30.0,无音频,8.426
广州综合,https://stream1.freetv.fun/yan-zhou-zong-he-19.ctv,,广州综合,,,广州综合.png,☘️广东频道,1280x720,Guovin.txt,5,403,成功,h264,1280x720,25.0,有音频,6.182
四川卫视,http://38.75.136.137:98/gslb/dsdqpub/scwshd.m3u8?auth=testpub,,四川卫视,,,四川卫视.png,📡卫视频道,1920x1080,Guovin.txt,61,200,成功,h264,1920x1080,25.0,有音频,0.260
[BD]采昌影劇,https://stream1.freetv.fun/f576c39172985860717045dfc00c837188b7d305bf78f1ca337b7560e63a7b36.m3u8,,采昌影劇,台灣,國語,https://epg.pw/media/images/channel/2022/08/03/large/20220803165226227722_22.jpg,電影,1920x1080,epg-pw.txt,370,403,成功,h264,1920x1080,30.0,有音频,10.356
河北卫视,http://38.75.136.137:98/gslb/dsdqpub/hewshd.m3u8?auth=testpub,,河北卫视,,,河北卫视.png,📡卫视频道,1920x1080,Guovin.txt,77,200,成功,h264,1920x1080,25.0,有音频,3.278
重庆卫视,http://38.75.136.137:98/gslb/dsdqca/cqwshd.m3u8?auth=test20251009,,重庆卫视,,,重庆卫视.png,📡卫视频道,1920x1080,Guovin.txt,74,200,成功,h264,1920x1080,25.0,有音频,0.401
吉林卫视,http://goo.bkpcp.top/mg/jlws,,吉林卫视,,,吉林卫视.png,📡卫视频道,1280x720,Guovin.txt,298,403,成功,h264,1280x720,25.0,有音频,4.906
香港卫视,https://stream1.freetv.fun/c751876ae5ceaa0d82b5cf2badc152342aa92a4b45bf504d12ee45966b2fc644.ctv,,香港卫视,,,香港卫视.png,📡卫视频道,1280x720,Guovin.txt,5,403,成功,h264,1280x720,25.0,有音频,1.243
大湾区卫视,https://www.freetv.top/migu/608917627.m3u8?migutoken=bad0a45eea94649f2e7f1b35e1d98d034b874a02984a76abb21e4537dee28f974e6da241dc7705109722be71c8b1302302b51cd4cb06c69ca55fdcf7279d415e0a0fce7c492b6842956ab34fcc,,大湾区卫视,,,大湾区卫视.png,☘️广东频道,1920x1080,Guovin.txt,309,200,成功,h264,1920x1080,30.0,有音频,0.879
浙江钱江,http://l.cztvcloud.com/channels/lantian/SXyuyao2/720p.m3u8,,浙江钱江,,,浙江钱江.png,☘️浙江频道,1920x1080,Guovin.txt,763,200,成功,h264,1920x1080,25.0,有音频,2.021
CCTV-13,http://38.75.136.137:98/gslb/dsdqca/cctv13hd.m3u8?auth=test20251009,,CCTV13,,,CCTV13.png,📺央视频道,1920x1080,Guovin.txt,70,200,成功,h264,1920x1080,25.0,有音频,0.363
[HD]纬来精彩[geo-blocked],https://stream1.freetv.fun/409fbf8e0ec33500b4d76956cca00af9fddacac6dd2f8822f464b089fb583a6b.m3u8,,緯來精彩,台灣,國語,https://epg.pw/media/images/channel/2024/08/18/large/20240818065801909180_50.png,綜合,1280x720,epg-pw.txt,4,403,成功,h264,1280x720,25.0,有音频,1.933
[BD]靖天戲劇,https://stream1.freetv.fun/c49873ab0480b6a2c1791b82e2f3f29ed3a91ad80eeff67e521e07740b95e3da.m3u8,,靖天戲劇,台灣,國語,https://epg.pw/media/images/channel/2023/07/20/large/20230720211720021890_59.png,電影,1920x1080,epg-pw.txt,8,403,成功,h264,1920x1080,30.0,无音频,7.597
CETV-4,https://migu.188766.xyz/?migutoken=d5d19d868e1df41e984866fc7ca15071&id=CETV4&type=yy,,CETV4,,,CETV4.png,📺央视频道,1920x1080,Guovin.txt,27,403,成功,h264,1920x1080,28.0,有音频,0.479
[BD]民視影劇 *4g,https://stream1.freetv.fun/1954d3af6ea6766d19e6b633370ed41fb840de860d4e951e0b37952aca367575.ctv,370227,民視影劇臺,台灣,國語,https://epg.pw/media/images/channel/2023/07/24/large/20230724152803394226_33.png,電影,1920x1080,epg-pw.txt,16,403,成功,h264,1920x1080,29.97002997002997,有音频,3.330
浙江少儿,http://ali-vl.cztv.com/channels/lantian/channel008/360p.m3u8,,浙江少儿,,,浙江少儿.png,☘️浙江频道,640x360,Guovin.txt,298,200,成功,h264,640x360,25.0,有音频,1.828
萧山生活,http://l.cztvcloud.com/channels/lantian/SXxiaoshan2/720p.m3u8?zzhed,,萧山生活,,,萧山生活.png,☘️浙江频道,1280x720,Guovin.txt,703,200,成功,h264,1280x720,25.0,有音频,3.411
重庆卫视,http://38.75.136.137:98/gslb/dsdqpub/cqwshd.m3u8?auth=testpub,,重庆卫视,,,重庆卫视.png,📡卫视频道,1920x1080,Guovin.txt,61,200,成功,h264,1920x1080,25.0,有音频,0.258
[BD]靖天歡樂,https://stream1.freetv.fun/f45c9eba97dbbc11f6f2f35eee194f2f89a70ee04bc3bcc487c3038d07990744.m3u8,,靖天歡樂臺,台灣,國語,https://epg.pw/media/images/channel/2023/07/20/large/20230720211755214321_72.png,兒童,1920x1080,epg-pw.txt,6,403,成功,h264,1920x1080,30.0,无音频,7.390
绍兴文化影院,https://stream1.freetv.fun/shao-xing-wen-hua-ying-yuan-2.m3u8,,绍兴文化影院,,,绍兴文化影院.png,☘️浙江频道,1280x720,Guovin.txt,4,403,成功,h264,1280x720,25.0,有音频,5.370
[BD]台視財經,https://stream1.freetv.fun/7355b04bd2f4b3842708e801035e6faeec0e3c5f968e7c3e45288b0fa7f1fb7c.m3u8,,臺視財經臺,台灣,國語,https://epg.pw/media/images/channel/2016/01/14/large/20160114205737775986_67.jpg,新聞,1920x1080,epg-pw.txt,6,403,成功,h264,1920x1080,30.0,无音频,10.300
河北卫视,http://23.237.228.134/live8/hebei.m3u8,,河北卫视,,,河北卫视.png,📡卫视频道,1920x1080,Guovin.txt,81,200,成功,h264,1920x1080,25.0,有音频,0.566
[BD]靖天歡樂 *4g,https://stream1.freetv.fun/5e7ff96bfbdd322cb5548bc82620213916d321af27e2d57e08f309bed58ec44a.ctv,,靖天歡樂臺,台灣,國語,https://epg.pw/media/images/channel/2023/07/20/large/20230720211755214321_72.png,兒童,1920x1080,epg-pw.txt,5,403,成功,h264,1920x1080,30.0,有音频,3.252
香港卫视,https://stream1.freetv.fun/5335c88a9a7d8b74173b491f480d4f94e8d3bd596af54478106aa2399e6c7917.m3u8,,香港卫视,,,香港卫视.png,📡卫视频道,1280x720,Guovin.txt,6,403,成功,h264,1280x720,25.0,有音频,1.298
风云足球,https://epg.pw/stream/ac8062ec9484078061d3bef507c15a423ac57ae4144e3fcc4b0a198dd420f911.m3u8,,风云足球,,,风云足球.png,💰央视付费频道,1920x1080,Guovin.txt,124,200,成功,h264,1920x1080,25.0,有音频,9.099
[BD]靖天戲劇 *4g,https://stream1.freetv.fun/805627dd204878b97e1cdd0ba19b024dcaf67d495ac66e6bf0930acdcd4b4d27.ctv,,靖天戲劇,台灣,國語,https://epg.pw/media/images/channel/2023/07/20/large/20230720211720021890_59.png,電影,1920x1080,epg-pw.txt,6,403,成功,h264,1920x1080,30.0,有音频,4.420
[BD]華視 *4g,https://stream1.freetv.fun/5093c9a28c8f8ca77f5cf3ba512ce232c3d46c8b19a99f11dee1a500f86d8797.ctv,370143,華視HD,台灣,國語,https://epg.pw/media/images/channel/2016/12/24/large/20161224233801697871_73.jpg,綜合,1920x1080,epg-pw.txt,24,403,成功,h264,1920x1080,30.0,有音频,3.413
[BD]金光布袋戲,https://stream1.freetv.fun/e47bdab2d74162f1d408da823bffd62ef1cac43e295575c9ce982c23983686ac.m3u8,,金光布袋戲,台灣,國語,https://epg.pw/media/images/channel/2023/07/03/large/20230703010822122677_34.jpeg,綜藝,1920x1080,epg-pw.txt,369,403,成功,h264,1920x1080,30.0,有音频,11.711
[BD]龍華電影,https://stream1.freetv.fun/42c0e36fe9a9ca04cf304f48a16df461e974b40d8efeeb3d97388b24b0d24b05.m3u8,460783,龍華電影,台灣,國語,https://epg.pw/media/images/channel/2023/07/24/large/20230724170416278600_34.png,電影,1920x1080,epg-pw.txt,15,403,成功,h264,1920x1080,30.0,无音频,12.569
CCTV-7,http://38.75.136.137:98/gslb/dsdqbv/cctv7hd.m3u8?auth=test20251009,,CCTV7,,,CCTV7.png,📺央视频道,1920x1080,Guovin.txt,154,200,成功,h264,1920x1080,25.0,有音频,0.633
辽宁卫视,http://23.237.228.134/live8/liaoning.m3u8,,辽宁卫视,,,辽宁卫视.png,📡卫视频道,1920x1080,Guovin.txt,54,200,成功,h264,1920x1080,25.0,有音频,0.546
[BD]非凡商業,https://stream1.freetv.fun/4df50dd0dec76f4efa141d65b1842154c079c41e50f5b11f3b01445944e6682c.m3u8,,非凡商業,台灣,國語,https://epg.pw/media/images/channel/2022/05/14/large/20220514163601233713_40.jpg,新聞,1920x1080,epg-pw.txt,15,403,成功,h264,1920x1080,30.0,无音频,13.122
香港卫视,https://stream1.freetv.fun/ae7eaf28d8610cdc1651ef6a1f7dbb24b49c5a87627d0d881330afaea37a1616.m3u8,,香港卫视,,,香港卫视.png,📡卫视频道,1280x720,Guovin.txt,6,403,成功,h264,1280x720,25.0,有音频,1.228
广西卫视,http://23.237.228.134/live6/guizhou.m3u8,,广西卫视,,,广西卫视.png,📡卫视频道,1920x1080,Guovin.txt,70,200,成功,h264,1920x1080,25.0,有音频,0.588
广东珠江,https://stream1.freetv.fun/yan-dong-zhu-jiang-4.ctv,,广东珠江,,,广东珠江.png,☘️广东频道,1920x1080,Guovin.txt,7,403,成功,h264,1920x1080,25.0,有音频,6.643
广西卫视,http://38.75.136.137:98/gslb/dsdqpub/gxwshd.m3u8?auth=testpub,,广西卫视,,,广西卫视.png,📡卫视频道,1920x1080,Guovin.txt,74,200,成功,h264,1920x1080,25.0,有音频,0.280
浙江少儿,https://stream1.freetv.fun/zhe-jiang-shao-er-4.ctv,,浙江少儿,,,浙江少儿.png,☘️浙江频道,1920x1080,Guovin.txt,4,403,成功,h264,1920x1080,25.0,有音频,3.988
东方卫视,http://23.237.228.134/live6/dongnan.m3u8,,东方卫视,,,东方卫视.png,📡卫视频道,1920x1080,Guovin.txt,56,200,成功,h264,1920x1080,25.0,有音频,0.533
黑龙江卫视,http://z.b.bkpcp.top/m.php?id=hljws,,黑龙江卫视,,,黑龙江卫视.png,📡卫视频道,,Guovin.txt,5,429,成功,,,25.0,有音频,14.025
CCTV-17,http://38.75.136.137:98/gslb/dsdqpub/cctv17hd.m3u8?auth=testpub,,CCTV17,,,CCTV17.png,📺央视频道,1920x1080,Guovin.txt,74,200,成功,h264,1920x1080,25.0,有音频,0.259
[BD]纬来育乐[geo-blocked],https://stream1.freetv.fun/3abfaa9bfc01013d7459fb45d6a8d8dbdf1a788ee158c13c66e1d79d7e74fe96.ctv,456572,緯來育樂,台灣,國語,https://epg.pw/media/images/channel/2023/07/22/large/20230722124851344289_73.png,綜合,1920x1080,epg-pw.txt,4,403,成功,h264,1920x1080,60.0,无音频,1.132
2026-01-10 06:27:55,http://38.75.136.137:98/gslb/dsdqca/cctv1hd.m3u8?auth=test20251009,,CCTV1,,,CCTV1.png,🕘️更新时间,1920x1080,Guovin.txt,93,200,成功,h264,1920x1080,25.0,有音频,0.348
[BD]經典電影,https://stream1.freetv.fun/2468c7e34ca09c24e5c170085819e94e53b00bf19824b2c7064f62d1a7acdc78.m3u8,,經典電影臺,台灣,國語,https://epg.pw/media/images/channel/2023/04/28/large/20230428003944893108_94.jpg,電影,1920x1080,epg-pw.txt,19,403,成功,h264,1920x1080,30.0,有音频,10.714
广西卫视,http://38.75.136.137:98/gslb/dsdqca/gxwshd.m3u8?auth=test20251009,,广西卫视,,,广西卫视.png,📡卫视频道,1920x1080,Guovin.txt,92,200,成功,h264,1920x1080,25.0,有音频,0.333
东方卫视,http://38.75.136.137:98/gslb/dsdqbv/dfwshd.m3u8?auth=test20251009,,东方卫视,,,东方卫视.png,📡卫视频道,1920x1080,Guovin.txt,149,200,成功,h264,1920x1080,25.0,有音频,0.644
广州综合,https://stream1.freetv.fun/yan-zhou-zong-he-8.ctv,,广州综合,,,广州综合.png,☘️广东频道,1280x720,Guovin.txt,4,403,成功,h264,1280x720,25.0,有音频,10.190
青海卫视,http://38.75.136.137:98/gslb/dsdqpub/qhws.m3u8?auth=testpub,,青海卫视,,,青海卫视.png,📡卫视频道,1920x1080,Guovin.txt,74,200,成功,h264,1920x1080,25.0,有音频,0.284
重庆卫视,http://23.237.228.134/live6/chongqing.m3u8,,重庆卫视,,,重庆卫视.png,📡卫视频道,1920x1080,Guovin.txt,53,200,成功,h264,1920x1080,25.0,有音频,0.529
衢江新闻综合,http://l.cztvcloud.com/channels/lantian/SXqujiang1/720p.m3u8?zzhed,,衢江新闻综合,,,衢江新闻综合.png,☘️浙江频道,1920x1080,Guovin.txt,982,200,成功,h264,1920x1080,25.0,有音频,3.179
[BD]華視[geo-blocked],https://stream1.freetv.fun/60c715f5b961e2226107f69b2bab88a391c92f9f2444b64574cf6c450eb88b9e.m3u8,,華視HD,台灣,國語,https://epg.pw/media/images/channel/2022/05/06/large/20220506164257585081_80.png,綜合,1920x1080,epg-pw.txt,19,403,成功,h264,1920x1080,30.0,有音频,7.385
陕西卫视,https://www.freetv.top/migu/738910838.m3u8?migutoken=3899cd1daaa04f812c6d4b13126e3c00ad177635abc5559f1b596e814ff8eb3d745e7bd40b881206a2852a5ed041ca424112cf1d9b385c72ea9de42c8d86f45227af0f51a8b4f4c18a038a8e6d,,陕西卫视,,,陕西卫视.png,📡卫视频道,1920x1080,Guovin.txt,310,200,成功,h264,1920x1080,30.0,有音频,0.913
CETV-4,http://112.254.55.106:22222/rtp/239.253.254.116:8000,,CETV4,,,CETV4.png,📺央视频道,,Guovin.txt,493,200,成功,h264,,25.0,有音频,1.904
湖北卫视,http://j.x.bkpcp.top/jx/HUBEIHD,,湖北卫视,,,湖北卫视.png,📡卫视频道,1920x1080,Guovin.txt,267,429,成功,h264,1920x1080,25.0,有音频,0.544
浙江生活,https://stream1.freetv.fun/zhe-jiang-jing-ji-sheng-huo-3.ctv,,浙江生活,,,浙江生活.png,☘️浙江频道,640x360,Guovin.txt,5,403,成功,h264,640x360,25.0,有音频,2.774
江西卫视,http://38.75.136.137:98/gslb/dsdqpub/jxwshd.m3u8?auth=testpub,,江西卫视,,,江西卫视.png,📡卫视频道,1920x1080,Guovin.txt,63,200,成功,h264,1920x1080,25.0,有音频,5.184
诸暨新闻综合,http://l.cztvcloud.com/channels/lantian/SXzhuji3/720p.m3u8?zzhed,,诸暨新闻综合,,,诸暨新闻综合.png,☘️浙江频道,1920x1080,Guovin.txt,1384,200,成功,h264,1920x1080,50.0,有音频,2.694
广西卫视,http://23.237.228.134/live6/guangxi.m3u8,,广西卫视,,,广西卫视.png,📡卫视频道,1920x1080,Guovin.txt,126,200,成功,h264,1920x1080,25.0,有音频,0.523
龙游新闻综合,http://l.cztvcloud.com/channels/lantian/SXlongyou1/720p.m3u8?zzhed,,龙游新闻综合,,,龙游新闻综合.png,☘️浙江频道,1280x720,Guovin.txt,1158,200,成功,h264,1280x720,25.0,有音频,2.241
浙江卫视,http://38.75.136.137:98/gslb/dsdqpub/zjwshd.m3u8?auth=testpub,,浙江卫视,,,浙江卫视.png,📡卫视频道,1920x1080,Guovin.txt,74,200,成功,h264,1920x1080,25.0,有音频,0.313
浙江少儿,https://stream1.freetv.fun/zhe-jiang-shao-er-4.m3u8,,浙江少儿,,,浙江少儿.png,☘️浙江频道,1920x1080,Guovin.txt,13,403,成功,h264,1920x1080,25.0,有音频,3.394
[BD]華視,https://stream1.freetv.fun/8b31591bd445d024e3752eed05b9260b5eee0f953665fcfdd9d3bcf93c871ec8.m3u8,,華視HD,台灣,國語,https://epg.pw/media/images/channel/2022/05/06/large/20220506164257585081_80.png,綜合,1920x1080,epg-pw.txt,7,403,成功,h264,1920x1080,30.0,有音频,6.343
CCTV-4,http://goo.bkpcp.top/mg/cctv4o,,CCTV4,,,CCTV4.png,📺央视频道,1280x720,Guovin.txt,269,403,成功,h264,1280x720,25.0,有音频,2.518
大湾区卫视,https://www.freetv.top/migu/608917627.m3u8?migutoken=6e23ed23803d2776218fbd5b6931d4dd0d0a20d0269ca0da6b2efaaf101f71c62689ec1d6f73e16a10d1b756f7e23f0de494b881e2bc39c12250715721f84c185577680003f363869dba1b7e90,,大湾区卫视,,,大湾区卫视.png,☘️广东频道,1920x1080,Guovin.txt,310,200,成功,h264,1920x1080,30.0,有音频,1.391
浙江卫视,http://23.237.228.134/live6/zhejiang.m3u8,,浙江卫视,,,浙江卫视.png,📡卫视频道,1920x1080,Guovin.txt,53,200,成功,h264,1920x1080,25.0,有音频,0.626
安徽卫视,http://38.75.136.137:98/gslb/dsdqpub/ahwshd.m3u8?auth=testpub,,安徽卫视,,,安徽卫视.png,📡卫视频道,1920x1080,Guovin.txt,61,200,成功,h264,1920x1080,25.0,有音频,0.296
CCTV-6,http://38.75.136.137:98/gslb/dsdqbv/cctv6hd.m3u8?auth=test20251009,,CCTV6,,,CCTV6.png,📺央视频道,1920x1080,Guovin.txt,155,200,成功,h264,1920x1080,25.0,有音频,0.775
广东珠江,https://stream1.freetv.fun/yan-dong-zhu-jiang-8.ctv,,广东珠江,,,广东珠江.png,☘️广东频道,1920x1080,Guovin.txt,5,403,成功,h264,1920x1080,25.0,有音频,3.822
[BD]靖天日本,https://stream1.freetv.fun/096ee9e512ac78053fe8f09b8effa0e110c1aeb479a43ff282fbc3fe69e38be3.m3u8,,靖天日本,台灣,日語,https://epg.pw/media/images/channel/2023/07/20/large/20230720211326607261_29.png,電影,1920x1080,epg-pw.txt,5,403,成功,h264,1920x1080,30.0,有音频,10.779
河北卫视,http://z.b.bkpcp.top/m.php?id=hbws,,河北卫视,,,河北卫视.png,📡卫视频道,960x540,Guovin.txt,4,429,成功,h264,960x540,25.0,有音频,2.541
[BD]靖天日本 *4g,https://stream1.freetv.fun/7ac3aa00b4315a1a00f0aadcfee553a13aca74002ec745b1a8f26d645e5ad92f.ctv,,靖天日本,台灣,日語,https://epg.pw/media/images/channel/2023/07/20/large/20230720211326607261_29.png,電影,1920x1080,epg-pw.txt,7,403,成功,h264,1920x1080,30.0,有音频,3.532
山东卫视,http://38.75.136.137:98/gslb/dsdqca/sdwshd.m3u8?auth=test20251009,,山东卫视,,,山东卫视.png,📡卫视频道,1920x1080,Guovin.txt,67,200,成功,h264,1920x1080,25.0,有音频,0.359
江西卫视,http://23.237.228.134/live8/jiangxi.m3u8,,江西卫视,,,江西卫视.png,📡卫视频道,1920x1080,Guovin.txt,70,200,成功,h264,1920x1080,25.0,有音频,2.013
CCTV-17,http://38.75.136.137:98/gslb/dsdqbv/cctv17hd.m3u8?auth=test20251009,,CCTV17,,,CCTV17.png,📺央视频道,1920x1080,Guovin.txt,98,200,成功,h264,1920x1080,25.0,有音频,0.747
[BD]民視第一,https://stream1.freetv.fun/568ee8749999cf563b3d6d97bb55307d0d3466b4d4d77a829b4b55063dd21600.m3u8,,民視第一臺,台灣,國語,https://epg.pw/media/images/channel/2022/03/23/large/20220323172047199293_67.png,綜合,1920x1080,epg-pw.txt,5,403,成功,h264,1920x1080,30.0,有音频,14.645
青海卫视,http://23.237.228.134/live8/qinghai.m3u8,,青海卫视,,,青海卫视.png,📡卫视频道,1920x1080,Guovin.txt,74,200,成功,h264,1920x1080,25.0,有音频,0.606
[BD]民視綜藝 *4g,https://stream1.freetv.fun/1d220a740762fcb8d1655dd150a085953bacb99d00b77c0ccb4794f1256c1180.ctv,,民視綜藝,台灣,國語,https://epg.pw/media/images/channel/2023/07/18/large/20230718000650739039_30.jpg,綜藝,1920x1080,epg-pw.txt,5,403,成功,h264,1920x1080,30.0,有音频,3.715
河南卫视,http://j.x.bkpcp.top/jx/HENHD,,河南卫视,,,河南卫视.png,📡卫视频道,1920x1080,Guovin.txt,265,429,成功,h264,1920x1080,25.0,有音频,0.621
[BD]非凡新聞[geo-blocked],https://stream1.freetv.fun/2124ac11b91345b0e1d6d8e1ebccb4bacc91f4110ebf48ccced1b7a9c6221331.m3u8,456560,非凡新聞HD,台灣,國語,https://epg.pw/media/images/channel/2016/06/17/large/20160617165249161501_56.png,新聞,1920x1080,epg-pw.txt,16,403,成功,h264,1920x1080,30.0,无音频,14.332
[BD]靖天綜合 *4g,https://stream1.freetv.fun/3dc0d69611886d91f327613a20e6855cb9f79863779b15f403fc8b363eea41ca.ctv,370150,靖天綜合,台灣,國語,https://epg.pw/media/images/channel/2023/07/20/large/20230720211628838481_19.png,綜合,1920x1080,epg-pw.txt,4,403,成功,h264,1920x1080,30.0,有音频,3.565
北京卫视,http://38.75.136.137:98/gslb/dsdqbv/bjwshd.m3u8?auth=test20251009,,北京卫视,,,北京卫视.png,📡卫视频道,1920x1080,Guovin.txt,101,200,成功,h264,1920x1080,25.0,有音频,0.786
大湾区卫视,https://stream1.freetv.fun/9e44565ab6186689007a295d8b94b2a970fafde637068b0e3837e5f84689a8f3.m3u8,,大湾区卫视,,,大湾区卫视.png,☘️广东频道,1280x720,Guovin.txt,7,403,成功,h264,1280x720,25.0,有音频,1.271
萧山新闻综合,http://l.cztvcloud.com/channels/lantian/SXxiaoshan1/720p.m3u8?zzhed,,萧山新闻综合,,,萧山新闻综合.png,☘️浙江频道,1280x720,Guovin.txt,587,200,成功,h264,1280x720,25.0,有音频,2.213
香港卫视,https://stream1.freetv.fun/79e4d77e2f29a2ca7f7cabbbe2ee02d32a4f2f7fb91ae94d0fb9573c9f94b4ab.ctv,,香港卫视,,,香港卫视.png,📡卫视频道,1280x720,Guovin.txt,5,403,成功,h264,1280x720,25.0,有音频,1.202
CCTV-13,http://z.b.bkpcp.top/m.php?id=cctv13,,CCTV13,,,CCTV13.png,📺央视频道,1920x1080,Guovin.txt,4,429,成功,h264,1920x1080,25.0,有音频,2.428
浙江民生休闲,http://ali-vl.cztv.com/channels/lantian/channel006/360p.m3u8,,浙江民生休闲,,,浙江民生休闲.png,☘️浙江频道,640x360,Guovin.txt,1054,200,成功,h264,640x360,25.0,有音频,1.809
之江纪录,http://ali-m-l.cztv.com/channels/lantian/channel12/1080p.m3u8,,之江纪录,,,之江纪录.png,☘️浙江频道,1920x1080,Guovin.txt,307,200,成功,h264,1920x1080,25.0,有音频,2.343
[BD]龍華電影[geo-blocked],https://stream1.freetv.fun/d2c8913c2bf22ff3b8f3fa07ebfcb7bbeb24f2b00c5f228aa8a7908ddc5a14b9.m3u8,460783,龍華電影,台灣,國語,https://epg.pw/media/images/channel/2023/07/24/large/20230724170416278600_34.png,電影,1920x1080,epg-pw.txt,5,403,成功,h264,1920x1080,30.0,有音频,13.892
CCTV-4,http://goo.bkpcp.top/mg/cctv4m,,CCTV4,,,CCTV4.png,📺央视频道,1280x720,Guovin.txt,272,403,成功,h264,1280x720,25.0,有音频,2.898
[BD]靖天綜合,https://stream1.freetv.fun/93f6d93c1abc900fdc1ad96f93bc4c28c17c9ab0deda8c40474693737d873e0b.m3u8,370150,靖天綜合,台灣,國語,https://epg.pw/media/images/channel/2023/07/20/large/20230720211628838481_19.png,綜合,1920x1080,epg-pw.txt,7,403,成功,h264,1920x1080,30.0,有音频,10.335
浙江少儿,https://stream1.freetv.fun/zhe-jiang-shao-er-6.ctv,,浙江少儿,,,浙江少儿.png,☘️浙江频道,640x360,Guovin.txt,11,403,成功,h264,640x360,25.0,有音频,2.180
浙江留学,http://ali-vl.cztv.com/channels/lantian/channel009/360p.m3u8,,浙江留学,,,浙江留学.png,☘️浙江频道,640x360,Guovin.txt,1199,200,成功,h264,640x360,25.0,有音频,1.511
CCTV-12,http://38.75.136.137:98/gslb/dsdqca/cctv12hd.m3u8?auth=test20251009,,CCTV12,,,CCTV12.png,📺央视频道,1920x1080,Guovin.txt,71,200,成功,h264,1920x1080,25.0,有音频,0.354
安徽卫视,http://23.237.228.134/live8/anhui.m3u8,,安徽卫视,,,安徽卫视.png,📡卫视频道,1920x1080,Guovin.txt,72,200,成功,h264,1920x1080,25.0,有音频,0.541
数码时代,http://ali-m-l.cztv.com/channels/lantian/channel12/720p.m3u8?zzhed,,数码时代,,,数码时代.png,☘️浙江频道,1280x720,Guovin.txt,249,200,成功,h264,1280x720,25.0,有音频,1.869
浙江新闻,http://ali-vl.cztv.com/channels/lantian/channel007/360p.m3u8,,浙江新闻,,,浙江新闻.png,☘️浙江频道,640x360,Guovin.txt,274,200,成功,h264,640x360,25.0,有音频,1.839
CCTV-5,http://38.75.136.137:98/gslb/dsdqca/cctv5hd.m3u8?auth=test20251009,,CCTV5,,,CCTV5.png,📺央视频道,1920x1080,Guovin.txt,70,200,成功,h264,1920x1080,25.0,有音频,0.364
象山综合,http://play-sh13.quklive.com/live/1702360350551252.m3u8?auth_key=2037107484-800189c57a5a44d3b823b60cf84f6756-0-a6f6828a62d5c167cff5e68735fa0d39,,象山综合,,,象山综合.png,☘️浙江频道,1920x1080,Guovin.txt,1220,200,成功,h264,1920x1080,25.0,有音频,2.189
第一剧场,https://epg.pw/stream/6d7bf281e3d739806a73f5373acaa6e01988ec9739f5ac1355ce54b47a928472.m3u8,,第一剧场,,,第一剧场.png,💰央视付费频道,1280x720,Guovin.txt,125,200,成功,h264,1280x720,25.0,有音频,1.214
浙江新闻,https://stream1.freetv.fun/zhe-jiang-xin-wen-6.m3u8,,浙江新闻,,,浙江新闻.png,☘️浙江频道,1280x720,Guovin.txt,18,403,成功,h264,1280x720,25.0,有音频,3.606
[BD]民視第一,https://stream1.freetv.fun/62f5f581947b48199835d35908d87d31c2ff1d55904f0d516eb052db3f92a473.m3u8,,民視第一臺,台灣,國語,https://epg.pw/media/images/channel/2022/03/23/large/20220323172047199293_67.png,綜合,1920x1080,epg-pw.txt,5,403,成功,h264,1920x1080,30.0,无音频,13.427
[BD]龍華偶像,https://stream1.freetv.fun/195c02fd83ca27976ce15606cf80527ca2bd7a25b7579f702f3d4bf09e4e4aa1.m3u8,,龍華偶像,台灣,國語,https://epg.pw/media/images/channel/2022/11/26/large/20221126162628265986_92.jpg,電影,1920x1080,epg-pw.txt,17,403,成功,h264,1920x1080,30.0,有音频,13.462
[BD]靖天日本,https://stream1.freetv.fun/d665808be2a6804b8476d7fb75ca24073958963f0b6c354e954f34b2e6ba60ef.m3u8,,靖天日本,台灣,日語,https://epg.pw/media/images/channel/2023/07/20/large/20230720211326607261_29.png,電影,1920x1080,epg-pw.txt,5,403,成功,h264,1920x1080,30.0,无音频,13.884
苍南新闻综合,https://stream1.freetv.fun/cang-nan-xin-wen-zong-he-1.m3u8,,苍南新闻综合,,,苍南新闻综合.png,☘️浙江频道,1920x1080,Guovin.txt,16,403,成功,h264,1920x1080,25.0,有音频,3.183
[BD]華視,https://stream1.freetv.fun/52b7c7344318a99749eac7c66b1ba9b3e11dac9cf04b5888e5f08838b7fc970f.m3u8,,華視HD,台灣,國語,https://epg.pw/media/images/channel/2022/05/06/large/20220506164257585081_80.png,綜合,1920x1080,epg-pw.txt,5,403,成功,h264,1920x1080,30.0,无音频,8.636
苍南新闻综合,https://l.cztvcloud.com/channels/lantian/SXcangnan1/720p.m3u8,,苍南新闻综合,,,苍南新闻综合.png,☘️浙江频道,1920x1080,Guovin.txt,300,200,成功,h264,1920x1080,25.0,有音频,5.239
[HD]龍華卡通,https://stream1.freetv.fun/6d1c4a760ec67524fca4854c0a0a3a5b4360dc7a33e49fe348d7fba2d92c1370.m3u8,,龍華卡通,台灣,國語,https://epg.pw/media/images/channel/2024/08/14/large/20240814095345451215_38.png,兒童,1280x720,epg-pw.txt,14,403,成功,h264,1280x720,30.0,无音频,7.733
[BD]靖天映畫,https://stream1.freetv.fun/f9c283a43e9966756fe91e2595664362dcb70ae7529234ad1eb20b0888ccccc9.m3u8,,靖天映畫,台灣,國語,https://epg.pw/media/images/channel/2023/07/20/large/20230720211824734749_31.png,電影,1920x1080,epg-pw.txt,6,403,成功,h264,1920x1080,30.0,有音频,5.797
[BD]龍華偶像[geo-blocked],https://stream1.freetv.fun/1fdfeae18948a15f9f49f632f07a7fe3357575ebb84c44bb1bd6cfd6731bc8f3.m3u8,,龍華偶像,台灣,國語,https://epg.pw/media/images/channel/2022/11/26/large/20221126162628265986_92.jpg,電影,1920x1080,epg-pw.txt,13,403,成功,h264,1920x1080,30.0,有音频,13.832
[BD]民視影劇,https://stream1.freetv.fun/21b3a40bbd72948a9f42bed28714b73483f602c80bd6accc113825081418a286.m3u8,,民視影劇臺,台灣,國語,https://epg.pw/media/images/channel/2022/02/10/large/20220210223252835797_79.png,電影,1920x1080,epg-pw.txt,18,403,成功,h264,1920x1080,29.97002997002997,有音频,10.582
[BD]靖天映画,https://stream1.freetv.fun/0864058ec04ec30d97650ab00f4f78c094c0c88f5c79f141c0292f525cf29ea1.m3u8,,靖天映畫,台灣,國語,https://epg.pw/media/images/channel/2023/07/20/large/20230720211824734749_31.png,電影,1920x1080,epg-pw.txt,5,403,成功,h264,1920x1080,30.0,无音频,10.408
[BD]靖天育樂,https://stream1.freetv.fun/07e5887f034860c810422aaca999dfcccccd6b0ca4d8c921cbcee9ef815c2360.m3u8,,靖天育樂,台灣,國語,https://epg.pw/media/images/channel/2023/07/20/large/20230720211234557699_27.png,兒童,1920x1080,epg-pw.txt,4,403,成功,h264,1920x1080,30.0,有音频,11.892
[HD]龍華卡通[geo-blocked],https://stream1.freetv.fun/22b4d7f70127cd8712e72e1e408ebb66a9e43c4bab1e5b0e2b3086bf73c12099.m3u8,,龍華卡通,台灣,國語,https://epg.pw/media/images/channel/2024/08/14/large/20240814095345451215_38.png,兒童,1280x720,epg-pw.txt,19,403,成功,h264,1280x720,30.0,有音频,7.713
[BD]台灣戲劇,https://stream1.freetv.fun/0d389c11e76dcb39d0eece90b8821558ecb3c77962f39105af0694c247e94588.m3u8,,臺灣戲劇臺,台灣,國語,https://epg.pw/media/images/channel/2022/02/10/large/20220210222715150771_24.png,電影,1920x1080,epg-pw.txt,5,403,成功,h264,1920x1080,30.0,有音频,12.783
[HD]華視,https://stream1.freetv.fun/637ceff2dfb72b24ad6929da061ccf235af38b9469ba999c577b1c3d1ee25740.ctv,,華視HD,台灣,國語,https://epg.pw/media/images/channel/2022/05/06/large/20220506164257585081_80.png,綜合,1280x720,epg-pw.txt,4,403,成功,h264,1280x720,25.0,有音频,10.696
[BD]民視影劇,https://stream1.freetv.fun/376e9848bc34b8c16eb15979ddb42a5d19a5e69b8c5d191410bf1d03f24312db.m3u8,,民視影劇臺,台灣,國語,https://epg.pw/media/images/channel/2022/02/10/large/20220210223252835797_79.png,電影,1920x1080,epg-pw.txt,5,403,成功,h264,1920x1080,29.97002997002997,无音频,13.771
[BD]民視綜藝,https://stream1.freetv.fun/6f1b05a969e76dceefeafdc0ec7d3e1f9333f9636d5a44bfa6aa19db6ba1ad91.m3u8,,民視綜藝臺,台灣,國語,https://epg.pw/media/images/channel/2022/02/10/large/20220210223807030725_31.png,綜藝,1920x1080,epg-pw.txt,12,403,成功,h264,1920x1080,30.0,有音频,13.996
