频道名,地址,tvg-id,tvg-name,国家分组,语言分组,图标,原分组,分辨率,来源文件,检测时间,状态码
Mega TV,https://vdo1.streamgato.us:3711/live/megatvlive.m3u8,,,,,,Undefined,,iptv-org-all.txt,,
Nativa TV,https://stmv5.voxtvhd.com.br/nativatv/nativatv/playlist.m3u8,NativaTV.cl@SD,,,,https://i.imgur.com/0SFE2Fr.png,General,,iptv-org-all.txt,,404
Munnaaru,https://customer-ujex1meek7koqd9x.cloudflarestream.com/6a46f90ca384c7419efdbef3ff1892a9/manifest/video.m3u8,Munnaaru.mv@SD,,,,https://i.imgur.com/Adhr5xq.png,Religious,,iptv-org-all.txt,,204
MiSURtv (1080p),https://stream8.mexiserver.com:1936/misurtv/misurtv/playlist.m3u8,MiSURtv.mx@SD,,,,https://i.imgur.com/qStNac7.png,News,,iptv-org-all.txt,,
Mega TV Arequipa (720p) [Not 24/7],https://mc.servidor.stream:19360/megatv/megatv.m3u8,MegaTVArequipa.pe@SD,,,,https://i.imgur.com/q34E9V4.png,General,,iptv-org-all.txt,,404
Melrose Place,http://cfd-v4-service-channel-stitcher-use1-1.prd.pluto.tv/stitch/hls/channel/6245ceece1977a00079e2fbd/master.m3u8?appName=web&appVersion=unknown&clientTime=0&deviceDNT=0&deviceId=8e0689f5-1f2c-11ef-86d8-5d587df108c6&deviceMake=Chrome&deviceModel=web&deviceType=web&deviceVersion=unknown&includeExtendedEvents=false&serverSideAds=false&sid=10e5d770-d56c-414c-8e80-dedbac870ea5,PlutoTVMelrosePlace.us@France,,,,https://i.imgur.com/hXDj0fV.png,Undefined,,iptv-org-all.txt,,404
Murator TV (1080i),https://s-pl-01.mediatool.tv/playout/mupl-abr/index.m3u8,MuratorTV.pl@FAST,,,,https://i.imgur.com/HCnS1VT.png,Lifestyle,,iptv-org-all.txt,,404
MBC TV (720p),http://www.hwado.net/webtv/catv/503_CFEA7803.php,MBCTV.kr@SD,,,,https://static.wikia.nocookie.net/logopedia/images/b/bd/Munhwa_Broadcasting_Corporation_2023.svg/revision/latest/scale-to-width-down/512,General,,iptv-org-all.txt,,404
Nickelodeon,https://flexi-s1.purplecdn.xyz/Nickelodeon/tracks-v1a1/mono.ts.m3u8,Nickelodeon.cz@SD,,,,https://i.imgur.com/E84jnP8.png,Kids,,iptv-org-all.txt,,
MM Somali TV (720p),https://cdn.mediavisionuk.com:9000/MMTV/index.m3u8,MMSomaliTV.uk@SD,,,,https://i.imgur.com/k8nz8Q2.jpg,General,,iptv-org-all.txt,,404
NRT México Internacional (720p),https://5c001c2729b09.streamlock.net:4443/live/_definst_/canal24nrt/playlist.m3u8,NRTMexicoInternacional.mx@SD,,,,https://i.imgur.com/W2E0fSy.png,News,,iptv-org-all.txt,,404
NRT México Región Centro (720p),https://5c001c2729b09.streamlock.net:4443/live/ngrp:canal4mva_all/playlist.m3u8,NRTMexicoRegionCentro.mx@SD,,,,https://i.imgur.com/yjNUzYD.jpg,News,,iptv-org-all.txt,,404
NRT México Región Sureste (720p),https://5c001c2729b09.streamlock.net:4443/live/ngrp:canal6nrt_all/playlist.m3u8,NRTMexicoRegionSureste.mx@SD,,,,https://i.imgur.com/rxVVrZV.jpg,News,,iptv-org-all.txt,,404
NRT México Región Carbonífera (720p),https://5c001c2729b09.streamlock.net:4443/live/_definst_/canal10nrt/playlist.m3u8,NRTMexicoRegionCarbonifera.mx@SD,,,,https://i.imgur.com/ZqFJhAk.jpg,News,,iptv-org-all.txt,,404
Meganoticias MX (1080p),https://pctv-meganoticias-1-mx.tcl.wurl.tv/playlist.m3u8,MeganoticiasMX.mx@SD,,,,https://i.imgur.com/kARz7SR.png,News,,iptv-org-all.txt,,
Muugi TV (480p) [Not 24/7],https://goliveafrica.media:9998/live/62b3ffb71a3d6/index.m3u8,MuugiTV.ke@SD,,,,https://i.imgur.com/7XCR2Wi.jpg,Religious,,iptv-org-all.txt,,404
Mwangaza TV (720p) [Not 24/7],https://goliveafrica.media:9998/live/6516be24a6bac/index.m3u8,MwangazaTV.ke@SD,,,,https://i.imgur.com/GjXfuSh.png,Religious,,iptv-org-all.txt,,404
NBA TV Canada (1080p),http://user.scalecdn.co:8080/live/54706135/09221986/3092.m3u8,NBATVCanada.ca@SD,,,,https://upload.wikimedia.org/wikipedia/en/a/a4/NBA_TV_Canada_2020.png,Sports,,iptv-org-all.txt,,401
NEW K.MOVIES (1080p),https://ec3b4b7e.wurl.com/master/f36d25e7e52f1ba8d7e56eb859c636563214f541/UmFrdXRlblRWLWV1X05FV0tNT1ZJRVNfSExT/playlist.m3u8,NEWKMOVIES.us@SD,,,,https://i.imgur.com/wCgirjc.png,Movies,,iptv-org-all.txt,,
Naturaleza Salvaje (1080p) [Geo-blocked],https://amg00376-amg00376c21-firetv-us-3433.playouts.now.amagi.tv/playlist.m3u8,,,,,,Undefined,,iptv-org-all.txt,,
Ola Grupera (720p),https://s.emisoras.tv:8081/olagruperamx/index.m3u8,OlaGrupera.mx@SD,,,,https://i.imgur.com/ZnUtNHE.png,Music,,iptv-org-all.txt,,404
MV Lao TV [Geo-blocked],https://n-edge-1-th.v2h-cdn.com/mvlao/mvlao/playlist.m3u8,MVLaoTV.la@SD,,,,https://i.imgur.com/oVlQUKM.png,Entertainment,,iptv-org-all.txt,,
Nicol Studio RD (720p),https://vdopanel.jlahozconsulting.com:3948/live/studitvrdlive.m3u8,NicolStudioRD.do@SD,,,,https://www.vivalivetv.com/public/files/shows/0/1/3895-294x165-FFFFFF.jpg,General,,iptv-org-all.txt,,
OK Weinstraße (Neustadt) (432p) [Geo-blocked],https://s.ok54.de/okweinstrasse/okweinstrasse/playlist.m3u8,OKWeinstrasseNeustadt.de@SD,,,,https://i.imgur.com/bjTajXb.png,General,,iptv-org-all.txt,,404
OK-TV Ludwigshafen (720p) [Geo-blocked],https://s.ok54.de/oklu/livestream/playlist.m3u8,OKTVLudwigshafen.de@SD,,,,https://i.imgur.com/xiDeF8Y.png,General,,iptv-org-all.txt,,404
MRTV 4 (1080p),https://pplive.comquas.com:5443/LiveApp/streams/w3g3EYjBtqgJ1677679288037.m3u8,MRTV4.mm@SD,,,,https://i.imgur.com/J4i1VBb.png,General,,iptv-org-all.txt,,404
Nicktoons,https://flexi-s1.purplecdn.xyz/NickToons/tracks-v1a1/mono.ts.m3u8,Nicktoons.cz@SD,,,,https://i.postimg.cc/mZjCjNc5/nicktoons.png,Kids,,iptv-org-all.txt,,
MNCTV (720p),http://203.77.246.58:4500/udp/239.1.3.78:5000,MNCTV.id@SD,,,,https://i.imgur.com/SK8pjQy.png,General,,iptv-org-all.txt,,
MDA Televisión (720p),https://vcp.myplaytv.com/mdatv/mdatv/playlist.m3u8,MDATelevision.ve@SD,,,,https://i.imgur.com/AlY38PN.png,Entertainment,,iptv-org-all.txt,,404
Museum TV [Geo-blocked],https://cdn-ue1-prod.tsv2.amagi.tv/linear/amg01492-secomsasmediart-museumtv-eng-samsungit/playlist.m3u8,MuseumTVFrench.fr@SD,,,,https://i.imgur.com/WbjURLo.png,Culture,,iptv-org-all.txt,,
Museum TV Fast (1080p),https://cdn-ue1-prod.tsv2.amagi.tv/linear/amg01492-secomsasmediart-museumtv-en-plex/playlist.m3u8,MuseumTVFast.us@SD,,,,https://i.imgur.com/zzVq7BQ.png,Culture,,iptv-org-all.txt,,
MCOT HD,https://lb1-live-mv.v2h-cdn.com/hls/ffbb/gdhk/gdhk.m3u8,MCOTHD.th@SD,,,,https://i.imgur.com/ejPxGmU.png,General,,iptv-org-all.txt,,404
MCN Televisión (768p),https://vdo.grupolimalive.com:3263/live/mcnlive.m3u8,MCNTelevision.gt@SD,,,,https://i.imgur.com/SNUaCCw.png,Religious,,iptv-org-all.txt,,
New Frontiers TV (1080p),https://media2.streambrothers.com:1936/8044/8044/playlist.m3u8,NewFrontiersTV.ng@SD,,,,https://i.imgur.com/dYRIJjh.png,Religious,,iptv-org-all.txt,,404
MyEncinitasTV (Encinitas CA) (360p),https://cdn3.wowza.com/5/RXJNMFI3VlVkOEFP/encinitas/G0322_002/playlist.m3u8,MyEncinitasTV.us@SD,,,,https://i.imgur.com/OgQ2r7Y.png,General,,iptv-org-all.txt,,404
NS Home Shopping (720p),https://livestream.nsmall.com/IPHONE/nsmallMobile.m3u8,NSHomeShopping.kr@SD,,,,https://i.imgur.com/Q9xsDQo.png,Shop,,iptv-org-all.txt,,
NS Shop Plus (720p),https://shoppstream.nsmall.com/IPHONE/mobile.m3u8,NSShopPlus.kr@SD,,,,https://i.imgur.com/7KmXNci.png,Shop,,iptv-org-all.txt,,
NBC 8 Lima OH (WLIO-DT1) (720p) [Not 24/7],https://live.field59.com/wlio/wlio1/playlist.m3u8,WLIODT1.us@SD,,,,https://upload.wikimedia.org/wikipedia/commons/thumb/7/7a/NBC_logo_2022_%28vertical%29.svg/512px-NBC_logo_2022_%28vertical%29.svg.png,Undefined,,iptv-org-all.txt,,404
MNM (720p),https://live-radio-cf-vrt.akamaized.net/groupa/live/bac277a1-306d-44a0-8e2e-e5b9c07fa270/live.isml/.m3u8,MNM.be@SD,,,,https://i.imgur.com/L4cD18H.png,Music,,iptv-org-all.txt,,400
Messatida TV (450p) [Not 24/7],https://vod.streams.ovh:3037/stream/play.m3u8,MessatidaTV.gr@SD,,,,https://i.imgur.com/WEYrIrC.png,Music,,iptv-org-all.txt,,
NBC 4 Washington DC (WRC) [Geo-blocked],https://amg00884-nbcuniversal-wanews-xumo-oamde.amagi.tv/playlist.m3u8,WRCDT1.us@SD,,,,https://i.imgur.com/7JpMArM.png,Undefined,,iptv-org-all.txt,,
NBC 5 Dallas-Fort Worth TX (KXAS) [Geo-blocked],https://amg00884-nbcuniversal-dfwnews-xumo-r5in7.amagi.tv/playlist.m3u8,KXASDT1.us@SD,,,,https://upload.wikimedia.org/wikipedia/commons/thumb/7/7a/NBC_logo_2022_%28vertical%29.svg/512px-NBC_logo_2022_%28vertical%29.svg.png,General,,iptv-org-all.txt,,
Njata TV (576p) [Not 24/7],https://goliveafrica.media:9998/live/625816e585a2b/index.m3u8,NjataTV.ke@SD,,,,https://i.imgur.com/246CBAW.png,General,,iptv-org-all.txt,,404
MetaVersus CR (480p),https://vivo.solumedia.com:19360/metaversus/metaversus.m3u8,MetaVersusCR.cr@SD,,,,https://i.imgur.com/BKkljlc.png,Entertainment,,iptv-org-all.txt,,404
OMONOIA TV (684p),http://62.233.57.226:8001/play/a00b00,OMONOIATV.cy@SD,,,,https://i.imgur.com/nLLDMgR.png,Sports,,iptv-org-all.txt,,
MNB Гэр бүл (576p),https://live.mnb.mn/hls/mnb_family.stream.m3u8,,,,,,Undefined,,iptv-org-all.txt,,404
MNTV Music (1080p),https://mntv.livebox.co.in/musichls/live.m3u8,MarutamMusic.in@SD,,,,,Music,,iptv-org-all.txt,,404
Metanoia TV (720p),https://tnt-television.com/METANOIA-STREAM1/index.m3u8,MetanoiaTV.cd@SD,,,,https://i.imgur.com/Bf00ttL.png,Religious,,iptv-org-all.txt,,404
Omega (1080p),https://196914.global.ssl.fastly.net/63fe5f3a8f037f47ac36fb2a/live_1d411f00b7a411eda9b5d3bb4704377e/index.m3u8,Omega.is@SD,,,,https://i.imgur.com/doybFbZ.png,Religious,,iptv-org-all.txt,,404
Ninh Thuan TV (720p),https://60acee235f4d5.streamlock.net/live/mystream/playlist.m3u8,NinhThuanTV.vn@SD,,,,https://i.imgur.com/HIyUzLM.png,General,,iptv-org-all.txt,,404
Nisville TV (1080p),https://tv.nisville.com/live/nisville/playlist.m3u8,NisvilleTV.rs@SD,,,,https://i.imgur.com/cbtgd2h.png,Music,,iptv-org-all.txt,,404
NBC 10 Boston NH (WBTS) [Geo-blocked],https://amg00884-nbcuniversal-nbcbos-pcr-xumo-9xxph.amagi.tv/playlist.m3u8,WBTSCD1.us@SD,,,,https://upload.wikimedia.org/wikipedia/commons/thumb/c/c6/WBTS-LD_NBC_10_Boston_logo.png/512px-WBTS-LD_NBC_10_Boston_logo.png,Undefined,,iptv-org-all.txt,,
NRT TV (720p) [Not 24/7],https://media.streambrothers.com:1936/8226/8226/playlist.m3u8,NRTTV.iq@SD,,,,https://i.imgur.com/uGKGtbW.png,News,,iptv-org-all.txt,,404
Omega TV (720p) [Not 24/7],https://5caf24a595d94.streamlock.net:1937/8142/8142/playlist.m3u8,RadioOmegaTV.hn@SD,,,,https://i.ibb.co/nfJhQMx/Bj7qf5-Tb-Z9.jpg,Entertainment,,iptv-org-all.txt,,404
Mech+ (720p),https://mechtvltd-mechplus-1-gb.rakuten.wurl.tv/playlist.m3u8,,,,,,Undefined,,iptv-org-all.txt,,
NBC 11 San Jose CA (KNTV) [Geo-blocked],https://amg00884-nbcuniversal-nbcsf-pcr-xumo-xetsp.amagi.tv/playlist.m3u8,KNTVDT1.us@SD,,,,https://upload.wikimedia.org/wikipedia/commons/thumb/7/7a/NBC_logo_2022_%28vertical%29.svg/512px-NBC_logo_2022_%28vertical%29.svg.png,General,,iptv-org-all.txt,,
NTV,https://panel.miplay.cl:8082/ntv/index.m3u8,NTV.cl@SD,,,,https://i.imgur.com/NnkSyta.png,Culture;Education,,iptv-org-all.txt,,
MOGPA TV (720p),https://livestream.anojed.com/ablazetv/f7b44cfafd5c52223d5498196c8a2e7b.sdp/playlist.m3u8,MOGPATV.gh@SD,,,,https://i.imgur.com/34PmVAq.png,Religious,,iptv-org-all.txt,,404
MOGPA TV Plus,https://bk7l2r2nyx53-hls-live.5centscdn.com/mogpatvplus/2567a5ec9705eb7ac2c984033e06189d.sdp/playlist.m3u8,MOGPATVPlus.gh@SD,,,,https://i.imgur.com/0YLSM3R.png,Religious,,iptv-org-all.txt,,404
Nitro Circus (1080p),https://amg13231-actve-amg13231c1-rakuten-us-5604.playouts.now.amagi.tv/playlist.m3u8,NitroCircus.us@SD,,,,,Sports,,iptv-org-all.txt,,
NBC 30 West Hartford CT (WVIT) [Geo-blocked],https://amg00884-nbcuniversal-ctnews-xumo-cdfzg.amagi.tv/playlist.m3u8,WVITDT1.us@SD,,,,https://upload.wikimedia.org/wikipedia/commons/thumb/3/3c/WVIT_Logo_2017.svg/512px-WVIT_Logo_2017.svg.png,Undefined,,iptv-org-all.txt,,
News18 Kerala (1080p) [Geo-blocked],https://nw18live.cdn.jio.com/bpk-tv/News18_Kerala_NW18_MOB/output01/index.m3u8,News18Kerala.in@SD,,,,https://xstreamcp-assets-msp.streamready.in/assets/LIVETV/LIVECHANNEL/LIVETV_LIVETVCHANNEL_NEWS18_KERALA/images/LOGO_HD/image.png,News,,iptv-org-all.txt,,451
NTV7,https://tonton-live-switch-ssar.akamaized.net/stream-ntv7/master.m3u8?bpkio_serviceid=6c0958d82a830a02ca0936d9cfab8311,NTV7.my@SD,,,,https://i.imgur.com/jDWR3xI.png,General,,iptv-org-all.txt,,400
NBC Boston News,https://nbcu-nbcbostonnews-firetv.amagi.tv/playlist.m3u8,,,,,,Undefined,,iptv-org-all.txt,,
NLM TV (720p),https://ktismaservers.in:3394/stream/play.m3u8,NLMTV.fr@SD,,,,https://i.postimg.cc/7YbGVvr5/nlmtv.png,Religious,,iptv-org-all.txt,,404
Medeniyyet TV (406p),https://str.yodacdn.net/medeniyyet/index.m3u8,MedeniyyetTV.az@SD,,,,https://i.imgur.com/PlvaDIa.png,Culture,,iptv-org-all.txt,,404
NBC Connecticut News,https://nbcu-nbcconnecticutnews-firetv.amagi.tv/playlist.m3u8,,,,,,Undefined,,iptv-org-all.txt,,
NBC Dallas Fortworth News,https://nbcu-nbcdallasfortworthnews-firetv.amagi.tv/playlist.m3u8,,,,,,Undefined,,iptv-org-all.txt,,
News One (576p),http://66.102.120.18:8000/play/a057/index.m3u8,NewsOne.pk@SD,,,,https://i.imgur.com/ivrRYMk.png,News,,iptv-org-all.txt,,
NBC Los Angeles News,https://nbcu-nbclosangelesnews-firetv.amagi.tv/playlist.m3u8,,,,,,Undefined,,iptv-org-all.txt,,
NUBAR Plus TV (720p),http://stream.nubar.tv:1935/private/NUBARPlus/playlist.m3u8,NUBARPlusPlus.iq@SD,,,,https://i.ibb.co/XpgWb6B/IMG-20230628-140407.jpg,Entertainment,,iptv-org-all.txt,,404
NBC New York News,https://nbcu-nbcnewyorknews-firetv.amagi.tv/playlist.m3u8,,,,,,Undefined,,iptv-org-all.txt,,
Mediaset Extra [Geo-blocked],https://live3-mediaset-it.akamaized.net/Content/hls_h0_clr_vos/live/channel(kq)/index.m3u8,MediasetExtra.it@SD,,,,https://i.imgur.com/G51Lvah.png,General,,iptv-org-all.txt,,
Ñuka TV (720p) [Not 24/7],https://cloudvideo.servers10.com:8081/8118/index.m3u8,NukaTV.ec@SD,,,,https://i.imgur.com/4r2Ycju.png,General,,iptv-org-all.txt,,404
Media TV (288p),http://live.sloode.com:1935/mediatv/live/playlist.m3u8,MediaTV.it@SD,,,,https://i.ibb.co/sH68dFn/300071550-488761809922583-110799127788713907-n.jpg,General,,iptv-org-all.txt,,
Nudu,https://d1p0bzoad08w6e.cloudfront.net/encode/nudu.m3u8,KBPXLD3.us@SD,,,,https://i.imgur.com/wsFie0M.png,Undefined,,iptv-org-all.txt,,404
NBC Philadelphia News,https://nbcu-nbcphiladelphianews-firetv.amagi.tv/playlist.m3u8,,,,,,Undefined,,iptv-org-all.txt,,
Muthingi TV (480p),https://apps.digitaltv.co.ke/live/2005.m3u8,MuthingiTV.ke@SD,,,,https://i.imgur.com/bnkbclB.jpg,Religious,,iptv-org-all.txt,,
Mediaset Italia [Geo-blocked],https://live2.msf.cdn.mediaset.net/content/hls_h0_clr_vos/live/channel(i2)/index.m3u8,MediasetItalia.it@SD,,,,https://i.imgur.com/F4gyqhw.png,General,,iptv-org-all.txt,,
NBC San Diego News,https://nbcu-nbcsandiegonews-firetv.amagi.tv/playlist.m3u8,,,,,,Undefined,,iptv-org-all.txt,,
Molahits TV (720p),http://ventdelnord.tv:8080/mola/directe.m3u8,MolahitsTV.es@SD,,,,https://i.imgur.com/FYcLtqT.png,Music,,iptv-org-all.txt,,
MGR TV (1080p) [Not 24/7],https://vod.streams.ovh:3876/stream/play.m3u8,MGRTV.gr@SD,,,,https://i.imgur.com/E9KpMOP.png,Undefined,,iptv-org-all.txt,,
NBC San Francisco News,https://nbcu-nbcsanfrancisconews-firetv.amagi.tv/playlist.m3u8,,,,,,Undefined,,iptv-org-all.txt,,
Nuevo Mundo TV (720p),https://tvlatina.live:1936/8008/8008/playlist.m3u8,NuevoMundoTV.gt@SD,,,,https://i.imgur.com/j3OGO3V.png,News,,iptv-org-all.txt,,
Monara TV (720p) [Not 24/7],https://jk3lz8xklw79-hls-live.5centscdn.com/lpl/d0dbe915091d400bd8ee7f27f0791303.sdp/playlist.m3u8,MonaraTV.lk@SD,,,,https://i.imgur.com/EB99mzR.png,Entertainment,,iptv-org-all.txt,,404
NewSignal (1080p),https://5f22d76e220e1.streamlock.net/NewSignalTV/NewSignalTV/playlist.m3u8,NewSignal.it@SD,,,,https://i.imgur.com/UnZoS95.png,Entertainment,,iptv-org-all.txt,,404
Number 1 Türk (720p),https://mn-nl.mncdn.com/blutv_nr1turk2/live.m3u8,Number1Turk.tr@SD,,,,https://i.imgur.com/18zjk3q.png,Music,,iptv-org-all.txt,,
NBC TV (1080p) [Not 24/7],https://205444.global.ssl.fastly.net/64ee8a084b935f9f8a6f8825/live_ab333a6093bc11eeb89fbd81423485b7/index.fmp4.m3u8,NBCTV.pg@SD,,,,https://i.imgur.com/KNaaG5u.png,General,,iptv-org-all.txt,,404
Monagas Visión (720p) [Not 24/7],https://cloud2.streaminglivehd.com:1936/monagasvision-2/monagasvision-2/playlist.m3u8,MonagasVision.ve@SD,,,,https://i.imgur.com/yfgTa2d.png,General,,iptv-org-all.txt,,404
NBC South Florida News,https://nbcu-nbcsouthfloridanews-firetv.amagi.tv/playlist.m3u8,,,,,,Undefined,,iptv-org-all.txt,,
N4 (360p) [Not 24/7],https://web.sats.gstv.tech/cpl11/da8df281-1165-440a-8c86-959f71b695b6/N4web.m3u8,N4.md@SD,,,,https://i.imgur.com/W9UwCv7.png,General,,iptv-org-all.txt,,
MTV Chontales (720p) [Not 24/7],https://altair.hostingnica.net/hls/mtv_stream/index.m3u8,MTVChontales.ni@SD,,,,https://i.imgur.com/zgUPYdv.png,General,,iptv-org-all.txt,,404
MSG Plus (720p) [Not 24/7],https://tvpass.org/live/msg-plus/hd,MSGPlus.us@SD,,,,https://i.imgur.com/7suDpSK.png,Sports,,iptv-org-all.txt,,404
Mi Pueblo Tv [Not 24/7],https://ds.tvabierta.net/memfs/e02e5624-6ff9-42b0-b500-68b22e5adc64.m3u8,MiPuebloTv.do@HD,,,,https://imgur.com/x5qt5aK.jpg,General,,iptv-org-all.txt,,404
Omrop Fryslân (1080p) [Not 24/7],https://d3pvma9xb2775h.cloudfront.net/live/omropfryslan/stream04/index.m3u8,OmropFryslan.nl@SD,,,,https://i.imgur.com/khacDTU.png,General,,iptv-org-all.txt,,404
MTV Music,http://cfd-v4-service-channel-stitcher-use1-1.prd.pluto.tv/stitch/hls/channel/6245d15062cd1f00070a2338/master.m3u8?appName=web&appVersion=unknown&clientTime=0&deviceDNT=0&deviceId=bc848fc8-4b91-11ef-8a44-83c5e90e038f&deviceMake=Chrome&deviceModel=web&deviceType=web&deviceVersion=unknown&includeExtendedEvents=false&serverSideAds=false&sid=f02a8ef1-7c07-44f9-9197-c9b197dbc277,,,,,,Undefined,,iptv-org-all.txt,,404
MON TV Bangla (720p),https://live-stream.utkalbongo.com/utkalbongo/stream7/hls/montvlivestream.m3u8,MONTVBangla.in@SD,,,,https://i.imgur.com/8eftKdr.jpeg,Entertainment,,iptv-org-all.txt,,404
MTV Music,http://cfd-v4-service-channel-stitcher-use1-1.prd.pluto.tv/stitch/hls/channel/6245d15062cd1f00070a2338/master.m3u8?appName=web&appVersion=unknown&clientTime=0&deviceDNT=0&deviceId=1b1ec342-4b81-11ef-a8ac-e146e4e7be02&deviceMake=Chrome&deviceModel=web&deviceType=web&deviceVersion=unknown&includeExtendedEvents=false&serverSideAds=false&sid=a56dace8-66e4-4b9a-a55f-d5348160dae2,MTVMusic.uk@SD,,,,https://i.imgur.com/hdyJ4PT.png,Music,,iptv-org-all.txt,,404
NFL Network,https://fl1.moveonjoy.com/NFL_NETWORK/index.m3u8,NFLNetwork.us@SD,,,,https://upload.wikimedia.org/wikipedia/en/thumb/8/8f/NFL_Network_logo.svg/512px-NFL_Network_logo.svg.png,Sports,,iptv-org-all.txt,,404
NFL RedZone,https://fl1.moveonjoy.com/NFL_RedZone/index.m3u8,NFLRedZone.us@SD,,,,https://i.imgur.com/5lPqQj5.png,Sports,,iptv-org-all.txt,,404
NBC Washington News,https://nbcu-nbcwashingtonnews-firetv.amagi.tv/playlist.m3u8,,,,,,Undefined,,iptv-org-all.txt,,
Nuova TV 1 (1080p),https://nuovatv.net:8443/tv/stream.m3u8,NuovaTV1.it@SD,,,,https://i.imgur.com/zRu9WGh.png,Entertainment,,iptv-org-all.txt,,404
Nuova TV 2 (1080p),https://nuovatv.net:8443/tv2/stream.m3u8,NuovaTV2.it@SD,,,,https://i.imgur.com/zRu9WGh.png,Entertainment,,iptv-org-all.txt,,404
Nex TV Canal 21 (1080p),https://vcp4.myplaytv.com:1936/nextv/nextv/playlist.m3u8,NexTVCanal21.pa@SD,,,,https://i.imgur.com/QQBd052.png,General,,iptv-org-all.txt,,
MTV Guyana (1080p) [Not 24/7],https://stream.mtvgy.com/mtvguyana/index.fmp4.m3u8,MTVGuyana.gy@SD,,,,https://i.imgur.com/Ky70brA.png,General,,iptv-org-all.txt,,404
Napa Valley TV Education Access Channel 27 (480p),https://cdn3.wowza.com/5/WDIrTW5sM1JEY1NN/napatv/G0360_003/playlist.m3u8,NapaValleyChannel27.us@SD,,,,https://i.imgur.com/6GtlOSi.png,Education,,iptv-org-all.txt,,404
Öncü TV (1024p) [Not 24/7],https://edge1.socialsmart.tv/oncurtv/bant1/playlist.m3u8,OncuTV.tr@SD,,,,https://i.imgur.com/TGPNYrD.jpg,General,,iptv-org-all.txt,,404
Napa Valley TV Public Access Channel 28 (480p),https://cdn3.wowza.com/5/WDIrTW5sM1JEY1NN/napatv/G0360_004/playlist.m3u8,NapaValleyChannel28.us@SD,,,,https://i.imgur.com/RZF3wwW.png,General,,iptv-org-all.txt,,404
Next TV (1080p) [Not 24/7],http://gohoski.fvds.ru:3000/mediabay/601/playlist.m3u8,NextTV.kg@SD,,,,https://i.imgur.com/9MiwdgD.png,Undefined,,iptv-org-all.txt,,
Nexo TV (720p),https://stmvideo1.livecastv.com/nexotv/nexotv/playlist.m3u8,NexoTV.ni@SD,,,,https://i.imgur.com/HIFZjCj.png,Religious,,iptv-org-all.txt,,404
NFL Sunday Ticket 14,http://fl2.moveonjoy.com/NFL_14/index.m3u8,NFLSundayTicket14.us@SD,,,,https://i.imgur.com/WBOM46Z.png,Sports,,iptv-org-all.txt,,404
Midnight Pulp,https://amg01201-cinedigmenterta-midnightpulp-cineverse-axym1.amagi.tv/playlist/amg01201-cinedigmenterta-midnightpulp-cineverse/playlist.m3u8,MidnightPulp.us@SD,,,,,Entertainment,,iptv-org-all.txt,,
ON Medya Haber (720p) [Geo-blocked],http://live.arkumedia.com:1935/marmaratv/marmaratv/playlist.m3u8,OnMedyaTV.tr@SD,,,,https://i.imgur.com/thvk3Py.png,News,,iptv-org-all.txt,,
Notisur TV [Not 24/7],https://ss2.tvrdomi.com:1936/notisur/notisur/playlist.m3u8,NotisurTV.do@HD,,,,https://rdomint.com/images/station/300.jpg,General,,iptv-org-all.txt,,404
NG (614p),http://live.streams.ovh:1935/NGradio/NGradio/playlist.m3u8,NG.gr@SD,,,,https://i.imgur.com/IcgbJKF.png,Music,,iptv-org-all.txt,,404
NotiUno TV (854p) [Not 24/7],https://59a564764e2b6.streamlock.net/notiunotv/notiunotv/playlist.m3u8,NotiUnoTV.pr@SD,,,,https://i.imgur.com/qNdywBT.png,News,,iptv-org-all.txt,,404
Noticiero 90 Minutos (720p) [Not 24/7],https://cdns.livewave.co:8081/90minutoslive/index.m3u8,Noticiero90Minutos.co@SD,,,,https://i.imgur.com/ThaRRCN.png,News,,iptv-org-all.txt,,
Onda Madrid (720p),https://tvradio-1-23-secure2.akamaized.net/master.m3u8,OndaMadrid.es@SD,,,,https://i.imgur.com/Q1YwYsR.png,General,,iptv-org-all.txt,,400
Naruto,http://cfd-v4-service-channel-stitcher-use1-1.prd.pluto.tv/stitch/hls/channel/642be2939189ce0008916c21/master.m3u8?appName=web&appVersion=unknown&clientTime=0&deviceDNT=0&deviceId=2c7b3f03-35fc-11ef-a031-2b5d494037a2&deviceMake=Chrome&deviceModel=web&deviceType=web&deviceVersion=unknown&includeExtendedEvents=false&serverSideAds=false&sid=0f83fe69-e624-47e7-9e5e-670cb73840f2,Naruto.us@Canada,,,,https://i.imgur.com/M8X3Kvc.png,Animation,,iptv-org-all.txt,,404
Onda Cádiz 24h (720p),https://ondacadiztv.es:30443/octv/24h/playlist.m3u8,OndaCadiz.es@SD,,,,https://i.imgur.com/sOBMnby.png,General,,iptv-org-all.txt,,404
More Grace TV (410p) [Not 24/7],https://atechgroupuk.site/ETV.m3u8,MoreGraceTV.ng@SD,,,,https://i.imgur.com/DNTeCQt.png,Religious,,iptv-org-all.txt,,404
NBT 11 Central (720p),https://cdn-edge-ott.prd.go.th/live_vlc/smil:01f1-8b4b-971e-aa35-d5fa.smil/playlist.m3u8?DVR=,NBT11.th@Central,,,,https://i.imgur.com/8hYQIxS.png,General,,iptv-org-all.txt,,404
NBT 2HD (720p),https://cdn-edge-ott.prd.go.th/live_vlc/smil:c30f-97f7-c767-ca64-98aa/chunklist.m3u8,NBT2HD.th@SD,,,,https://i.imgur.com/IJh6SHb.png,General,,iptv-org-all.txt,,404
Oasis Televisión (720p) [Not 24/7],http://vcp1.myplaytv.com/oasistv/oasistv/playlist.m3u8,OasisTelevision.ve@SD,,,,https://i.imgur.com/TEr1U90.png,General,,iptv-org-all.txt,,404
NBT World (720p),https://cdn-edge-ott.prd.go.th/live_vlc/smil:2609-b4a6-64b3-1431-5e64/chunklist_w507269531_b2128000.m3u8,NBTWorld.th@SD,,,,https://i.imgur.com/GUQhLeg.png,General,,iptv-org-all.txt,,404
MorroTV (414p),https://soportedvb.click:3257/live/morrotvlive.m3u8,MorroTV.do@SD,,,,,General,,iptv-org-all.txt,,
NHL Center Ice 12 (720p),http://fl1.moveonjoy.com/NHL_12/index.m3u8,NHLCenterIce12.us@SD,,,,https://i.imgur.com/pBKZZ8z.png,Sports,,iptv-org-all.txt,,404
NHL Center Ice 14 (720p),http://fl1.moveonjoy.com/NHL_14/index.m3u8,NHLCenterIce14.us@SD,,,,https://i.imgur.com/pBKZZ8z.png,Sports,,iptv-org-all.txt,,404
NHL Center Ice 13 (720p),http://fl1.moveonjoy.com/NHL_13/index.m3u8,NHLCenterIce13.us@SD,,,,https://i.imgur.com/pBKZZ8z.png,Sports,,iptv-org-all.txt,,404
Morning Cloud TV (576p),https://webstreaming.viewmedia.tv/web_026/Stream/playlist.m3u8,MorningCloudTV.ke@SD,,,,https://i.imgur.com/Lxfd2ip.png,Religious,,iptv-org-all.txt,,
Morro Bay Channel 20 (480p),https://agp-nimble.streamguys1.com/MBCh20/MBCh20/playlist.m3u8,MorroBayChannel20.us@SD,,,,https://i.imgur.com/UZeC6xH.png,Legislative,,iptv-org-all.txt,,404
NHK World News (French Subs) (720p),https://cdn.nhkworld.jp/www11/nhkworld-tv/bmcc-live/fr/playlist.m3u8,,,,,,Undefined,,iptv-org-all.txt,,
NHK World News (Portuguese Subs) (720p),https://cdn.nhkworld.jp/www11/nhkworld-tv/bmcc-live/pt/playlist.m3u8,,,,,,Undefined,,iptv-org-all.txt,,
NHK World Premium (720p) [Not 24/7],https://cdn.nhkworld.jp/www11/nhkworld-tv/pre/hlscomp.m3u8,NHKWorldPremium.jp@SD,,,,https://i.imgur.com/4ESi2La.png,Entertainment,,iptv-org-all.txt,,
NHL Centre Ice 1,http://fl1.moveonjoy.com/NHL_1/index.m3u8,NHLCentreIce1.ca@SD,,,,https://i.imgur.com/pBKZZ8z.png,Sports,,iptv-org-all.txt,,404
NHL Centre Ice 2,http://fl1.moveonjoy.com/NHL_2/index.m3u8,NHLCentreIce2.ca@SD,,,,https://i.imgur.com/pBKZZ8z.png,Sports,,iptv-org-all.txt,,404
NHL Centre Ice 4,http://fl1.moveonjoy.com/NHL_4/index.m3u8,NHLCentreIce4.ca@SD,,,,https://i.imgur.com/pBKZZ8z.png,Sports,,iptv-org-all.txt,,404
Novela Channel (720p) [Not 24/7],https://video1.getstreamhosting.com:1936/8284/8284/playlist.m3u8,NovelaChannel.ci@SD,,,,https://i.ibb.co/V3pfjfB/novela-channel-telepack.jpg,Series,,iptv-org-all.txt,,404
Novelas Turcas,https://stream.ads.ottera.tv/playlist.m3u8?network_id=5088,,,,,,Undefined,,iptv-org-all.txt,,400
Novelisima,https://stream.ads.ottera.tv/playlist.m3u8?network_id=2380,Novelisima.us@SD,,,,https://i.imgur.com/8dUS3Ih.png,Series,,iptv-org-all.txt,,400
Ocean TV Network (720p),https://egress-stkplz7mbu4ftbof3zr94.live.streamer.wpstream.net/ev_wps_52076_oceant53da84_221_1717304220/hls/5yjq1wbd06ffe4t4.m3u8,OceanTVNetwork.mv@SD,,,,https://i.imgur.com/nqdkLl5.jpeg,News,,iptv-org-all.txt,,
NHL Centre Ice 5,http://fl1.moveonjoy.com/NHL_5/index.m3u8,NHLCentreIce5.ca@SD,,,,https://i.imgur.com/pBKZZ8z.png,Sports,,iptv-org-all.txt,,404
Ndurumeni TV (480p) [Not 24/7],https://goliveafrica.media:9998/live/6389d571d20af/index.m3u8,NdurumeniTV.ke@SD,,,,https://i.imgur.com/OvmySNw.jpg,Religious,,iptv-org-all.txt,,404
Nova TV Agrotour (360p),https://video01.kshost.com.br/marcelo6682/marcelo6682/playlist.m3u8,NovaTVAgrotour.br@SD,,,,https://i.imgur.com/cgN2hfm.png,Documentary;Science,,iptv-org-all.txt,,404
NHL Centre Ice 6,http://fl1.moveonjoy.com/NHL_6/index.m3u8,NHLCentreIce6.ca@SD,,,,https://i.imgur.com/pBKZZ8z.png,Sports,,iptv-org-all.txt,,404
MINFAV TV (360p),https://video.misistemareseller.com/minfavtv/minfavtv/playlist.m3u8,MINFAVTV.pa@SD,,,,https://i.ibb.co/Vj5nNbF/FAV-TV-LOGO-BLANCO.png,Religious,,iptv-org-all.txt,,404
NHL Centre Ice 7,http://fl1.moveonjoy.com/NHL_7/index.m3u8,NHLCentreIce7.ca@SD,,,,https://i.imgur.com/pBKZZ8z.png,Sports,,iptv-org-all.txt,,404
MOTORVISION.TV,https://d39g1vxj2ef6in.cloudfront.net/v1/master/3fec3e5cac39a52b2132f9c66c83dae043dc17d4/prod-rakuten-stitched/mv.m3u8,Motorvision.de@Poland,,,,https://i.imgur.com/v4kj8pI.png,Auto,,iptv-org-all.txt,,400
NHL Centre Ice 8,http://fl1.moveonjoy.com/NHL_8/index.m3u8,NHLCentreIce8.ca@SD,,,,https://i.imgur.com/pBKZZ8z.png,Sports,,iptv-org-all.txt,,404
NTA International (576p) [Not 24/7],https://api.visionip.tv/live/ASHTTP/visiontvuk-entertainment-ntai-hsslive-25f-4x3-MB/playlist.m3u8,NTAInternational.ng@SD,,,,https://i.imgur.com/mN8j8CR.png,Culture,,iptv-org-all.txt,,
NHL Centre Ice 9,http://fl1.moveonjoy.com/NHL_9/index.m3u8,NHLCentreIce9.ca@SD,,,,https://i.imgur.com/pBKZZ8z.png,Sports,,iptv-org-all.txt,,404
Mouride TV (720p),http://51.81.109.113:1935/Livemouridetv/mouridetv/playlist.m3u8,MourideTV.sn@SD,,,,https://cdn-radiotime-logos.tunein.com/s202038d.png,Religious,,iptv-org-all.txt,,
Milyon TV (720p),https://sosyoapp-live.cdnnew.com/sosyo/buraya-bir-isim-verin.m3u8,MilyonTV.tr@SD,,,,https://i.imgur.com/lEIFDwo.png,Entertainment,,iptv-org-all.txt,,404
Novyi Russkii (720p),https://dvr3.vokkavideo.xyz/NEWRUSSIAHD/index.m3u8,NovyiRusskii.ru@HD,,,,https://ry7wpjhjwylg7u7.vxdgroup-84jzo19.xyz/logos_4RBUvIk6iXEOn3vNbd3j5PCw3T06yk0G/nv.png,Movies,,iptv-org-all.txt,,
NHL Centre Ice 10,http://fl1.moveonjoy.com/NHL_10/index.m3u8,NHLCentreIce10.ca@SD,,,,https://i.imgur.com/pBKZZ8z.png,Sports,,iptv-org-all.txt,,404
Negah TV,https://iptv.negahtv.com/negahtv/playlist.m3u8,NegahTV.ir@SD,,,,https://i.imgur.com/NFsBd4D.png,Entertainment,,iptv-org-all.txt,,404
NHL Centre Ice 11,http://fl1.moveonjoy.com/NHL_11/index.m3u8,NHLCentreIce11.ca@SD,,,,https://i.imgur.com/pBKZZ8z.png,Sports,,iptv-org-all.txt,,404
National Geographic (1080p),http://62.210.211.188:2095/play/a00d,NationalGeographic.gr@HD,,,,https://upload.wikimedia.org/wikipedia/commons/thumb/f/fc/Natgeologo.svg/512px-Natgeologo.svg.png,Documentary,,iptv-org-all.txt,,
National Geographic (1080i),http://78.130.250.2:8023/play/a02e/index.m3u8,NationalGeographic.cz@SD,,,,https://upload.wikimedia.org/wikipedia/commons/thumb/f/fc/Natgeologo.svg/512px-Natgeologo.svg.png,Documentary,,iptv-org-all.txt,,404
One Nation TV (720p) [Not 24/7],https://endour.net/hls/One_nationtv/index.m3u8,OneNationTV.sn@SD,,,,https://i.imgur.com/RGHbkZU.png,Culture,,iptv-org-all.txt,,404
Online TV Nusantara (720p) [Not 24/7],https://5bf7b725107e5.streamlock.net/onlinetvnusantara/onlinetvnusantara/playlist.m3u8,OnlineTVNusantara.id@SD,,,,https://i.imgur.com/E9CCIpP.jpg,Culture;General;Music;News,,iptv-org-all.txt,,404
National Geographic (Finland) (720p) [Geo-blocked],https://live-fi.tvkaista.net/national-geographic/live.m3u8?hd=true,NationalGeographic.fi@SD,,,,https://upload.wikimedia.org/wikipedia/commons/thumb/f/fc/Natgeologo.svg/512px-Natgeologo.svg.png,Documentary,,iptv-org-all.txt,,451
ONE-TV (720p) [Not 24/7],https://core.live-apc.eu:5443/LiveApp/streams/backup.m3u8,ONETV.cd@SD,,,,https://i.imgur.com/Wob7gjp.png,Religious,,iptv-org-all.txt,,
Multivisión Canal 3 (720p) [Not 24/7],https://stream.digitalgt.com:3136/live/multivisionlive.m3u8,MultivisionCanal3.gt@SD,,,,https://i.imgur.com/6bdj2BV.jpg,General,,iptv-org-all.txt,,404
Now 14 (720p),https://now14.g-mana.live/media/91517161-44ab-4e46-af70-e9fe26117d2e/mainManifest.m3u8,Now14.il@SD,,,,https://i.imgur.com/Iq2Kb69.png,General,,iptv-org-all.txt,,404
Nice TV Kenya (720p) [Not 24/7],https://goliveafrica.media:9998/live/64ada04aa7678/index.m3u8,NiceTVKenya.ke@SD,,,,https://i.imgur.com/UawxLTW.jpg,General,,iptv-org-all.txt,,404
National Geographic (1080p) [Geo-blocked],https://saran-live.ercdn.net/natgeohd/index.m3u8,NationalGeographic.tr@SD,,,,https://upload.wikimedia.org/wikipedia/commons/thumb/f/fc/Natgeologo.svg/512px-Natgeologo.svg.png,Documentary,,iptv-org-all.txt,,401
Multivisión Sports (720p) [Not 24/7],https://stream.digitalgt.com:3605/live/multivisionsportslive.m3u8,MultivisionSports.gt@SD,,,,https://i.imgur.com/wLjSSo2.jpg,Sports,,iptv-org-all.txt,,404
Mírame TV (360p) [Not 24/7],https://bit.controlstreams.com:5443/LiveApp/streams/mirametv.m3u8,MirameTV.es@SD,,,,https://i.imgur.com/LK4pLgT.png,News,,iptv-org-all.txt,,404
Mun2TV (720p),https://vdo2.streamgato.us:3144/live/mund2tvlive.m3u8,Mun2TV.do@SD,,,,https://i.imgur.com/e38DNzI.png,Music,,iptv-org-all.txt,,
Nick Jr.,https://flexi-s1.purplecdn.xyz/NickJr/tracks-v1a1/mono.ts.m3u8,NickJr.cz@SD,,,,https://i.imgur.com/KT4tdQs.png,Kids,,iptv-org-all.txt,,
Ogün TV (360p),https://s01.vpis.io/ogun/ogun.m3u8,,,,,,Undefined,,iptv-org-all.txt,,
Mundo Pequeño,https://stream.ads.ottera.tv/playlist.m3u8?network_id=3366,,,,,,Undefined,,iptv-org-all.txt,,400
Opción TV (540p),https://5790d294af2dc.streamlock.net/8066/8066/playlist.m3u8,OpcionTV.us@SD,,,,https://i.imgur.com/ojTinM2.png,General,,iptv-org-all.txt,,404
Netmax TV (720p) [Not 24/7],http://live.netmaxtv.com:8080/live/live/playlist.m3u8,NetmaxTV.gr@SD,,,,https://i.imgur.com/dLvRD4k.png,Entertainment,,iptv-org-all.txt,,
Nethra TV (360p),https://edge3-moblive.yuppcdn.net/transsd/smil:chii02.smil/playlist.m3u8?dvr=,NethraTV.lk@SD,,,,https://i.imgur.com/vSrIN1U.jpg,General,,iptv-org-all.txt,,
Natural TV (720p) [Not 24/7],http://broadcasttr.com:1935/naturaltv/bant1/playlist.m3u8,NaturalTV.tr@SD,,,,https://i.imgur.com/rfcJ674.png,Culture,,iptv-org-all.txt,,
Navo (576p),https://stream8.cinerama.uz/1008/tracks-v1a1/playlist.m3u8,Navo.uz@SD,,,,https://i.postimg.cc/SRgLjQyf/navo.png,General,,iptv-org-all.txt,,
Nickelodeon Latin America (720p),http://179.51.136.19:8000/play/a0q4/index.m3u8,NickelodeonLatinAmerica.us@Panregional,,,,https://i.imgur.com/E84jnP8.png,Kids,,iptv-org-all.txt,,
Nickelodeon (576p),http://87.246.60.6:11004/?token=fas-tv.com,Nickelodeon.bg@SD,,,,https://i.imgur.com/E84jnP8.png,Kids,,iptv-org-all.txt,,
NETV Toronto (720p),https://eu1.vectromdigital.com:1936/netvtoronto/netvtoronto/playlist.m3u8,NETVToronto.ca@SD,,,,https://i.imgur.com/WXRBuOW.png,Movies,,iptv-org-all.txt,,
Nickelodeon (576p),http://195.64.140.147:10121/121,Nickelodeon.ee@SD,,,,https://upload.wikimedia.org/wikipedia/commons/thumb/e/e5/Nickelodeon_2023_logo_%28outline%29.svg/1200px-Nickelodeon_2023_logo_%28outline%29.svg.png,Animation;Kids,,iptv-org-all.txt,,
NPC Radio e TV (720p),https://stmv1.srvif.com/npc/npc/playlist.m3u8,NPCRadioeTV.pt@SD,,,,https://i.imgur.com/mw1lYWE.png,Music,,iptv-org-all.txt,,404
National Geographic Wild (1080p) [Geo-blocked],https://saran-live.ercdn.net/natgeowild/index.m3u8,NationalGeographicWild.tr@SD,,,,https://upload.wikimedia.org/wikipedia/commons/thumb/2/27/National_Geographic_Wild_logo.svg/512px-National_Geographic_Wild_logo.svg.png,Documentary,,iptv-org-all.txt,,401
Neo News (1080p),http://66.102.120.18:8000/play/a05g/index.m3u8,NeoNews.pk@SD,,,,https://i.imgur.com/9mrbPRs.png,News,,iptv-org-all.txt,,
Nessma El Jadida,https://fl1002.bozztv.com/ga-nessmatv/tracks-v1a1/mono.m3u8,NessmaElJadida.tn@SD,,,,https://i.imgur.com/66CJtdz.png,General,,iptv-org-all.txt,,404
MISEC TV (720p),https://stream.it-innov.com/misec/index.m3u8,MISECTV.cm@SD,,,,https://i.imgur.com/3ID1RQB.png,Religious,,iptv-org-all.txt,,404
National Geographic Wild (1080i),http://78.130.250.2:8023/play/a02c/index.m3u8,NationalGeographicWild.cz@SD,,,,https://upload.wikimedia.org/wikipedia/commons/thumb/2/27/National_Geographic_Wild_logo.svg/512px-National_Geographic_Wild_logo.svg.png,Documentary,,iptv-org-all.txt,,404
NET [Geo-blocked],http://80.79.6.221:25461/smash/public/22,,,,,,Undefined,,iptv-org-all.txt,,401
MIS Televizija (720p) [Not 24/7],https://5afd52b55ff79.streamlock.net/MISTV/myStream/playlist.m3u8,MISTelevizija.au@SD,,,,https://i.imgur.com/qvrNVFg.png,Culture,,iptv-org-all.txt,,404
Nesiha TV (720p),https://ffs3.gulfsat.com/Nesiha-TV/video.m3u8,NesihaTV.et@SD,,,,https://i.imgur.com/rqEyzjE.png,Religious,,iptv-org-all.txt,,404
Nazali's HDTV (1080p),http://194.163.135.238:5080/WebRTCApp/streams/590264631485484547459082.m3u8,NazalisHDTV.cg@SD,,,,https://i.imgur.com/SrdRtqn.png,Entertainment,,iptv-org-all.txt,,
MMC TV USA (720p),https://live.relentlessinnovations.net:1936/rspe-tv/rspe-tv/playlist.m3u8,MMCTVUSA.us@SD,,,,https://i.imgur.com/0MwrSYE.png,Religious,,iptv-org-all.txt,,
MRT Sobraniski kanal [Geo-blocked],https://vipottbpkstream.vip.hr/Content/onevip-hls/Live/Channel(Sobraniski_Kanal)/index.m3u8,MRTSobraniskikanal.mk@SD,,,,https://i.imgur.com/fyNQ8Nf.png,Legislative,,iptv-org-all.txt,,
MRT 1 (480p),https://s1.teve.mk/tvstanici/6/playlist.m3u8,MRT1.mk@SD,,,,https://i.imgur.com/EkkyAE0.png,General,,iptv-org-all.txt,,
MRT 2 [Geo-blocked],https://vipottbpkstream.vip.hr/Content/onevip-hls/Live/Channel(MRT_2)/index.m3u8,MRT2.mk@SD,,,,https://i.imgur.com/YvOrUnN.png,Culture,,iptv-org-all.txt,,
Muzsika TV (576p),http://194.76.186.33:8000/play/a05f/index.m3u8,MuzsikaTV.hu@SD,,,,https://i.imgur.com/kmQ5vYC.png,Music,,iptv-org-all.txt,,
MN TV (720p),https://l1-xl1.myanmarnet.com/relay/mntv/ch1/stream.m3u8,MNTV.mm@SD,,,,https://i.imgur.com/nssm7QK.png,General,,iptv-org-all.txt,,
Moon TV (720p),https://player.mslivestream.net/mslive/e10bb900976df9177b9a080314f26f86.sdp/index.m3u8,MoonTV.in@SD,,,,https://i.imgur.com/3l25EZI.png,News,,iptv-org-all.txt,,404
MCS (720p),https://l1-xl1.myanmarnet.com/relay2/mcs/ch1/stream.m3u8,,,,,,Undefined,,iptv-org-all.txt,,
My Cinema (1080p),http://210.210.155.37/uq2663/h/h192/index.m3u8,MyCinema.id@SD,,,,https://i.imgur.com/BTmcTQO.png,Movies,,iptv-org-all.txt,,
My Cinema Asia (1080p) [Geo-blocked],http://210.210.155.37/uq2663/h/h193/index.m3u8,MyCinemaAsia.id@SD,,,,https://i.imgur.com/4XVZLW0.png,Movies,,iptv-org-all.txt,,
MY5 (576p),https://stream8.cinerama.uz/1217/tracks-v1a1/playlist.m3u8,MY5.uz@SD,,,,https://i.postimg.cc/Ls5csh2N/my5.png,Entertainment,,iptv-org-all.txt,,
My Family Channel (1080p) [Geo-blocked],http://210.210.155.37/uq2663/h/h194/index.m3u8,MyFamily.id@SD,,,,https://i.imgur.com/IaCmCt9.png,Family,,iptv-org-all.txt,,
NS TV (720p) [Not 24/7],https://til.pp.ua:3262/live/nstv7live.m3u8,NSTV.gr@SD,,,,https://i.imgur.com/tZnziRp.jpg,Undefined,,iptv-org-all.txt,,
Mesogeios TV (404p),https://til.pp.ua:3872/live/mesogeiostvlive.m3u8,MesogeiosTV.gr@SD,,,,https://i.imgur.com/KX5olay.png,General,,iptv-org-all.txt,,
My Kidz (1080p) [Geo-blocked],http://210.210.155.37/uq2663/h/h191/index.m3u8,MyKidz.id@SD,,,,https://i.imgur.com/qzZFU6d.png,Kids,,iptv-org-all.txt,,
My TV,http://43.252.18.195:5080/live/streams/mytv.m3u8,MyTV.kh@SD,,,,https://i.imgur.com/lhxRefQ.png,Entertainment,,iptv-org-all.txt,,
MTM 1 [Geo-blocked],https://vipottbpkstream.vip.hr/Content/onevip-hls/Live/Channel(MTM)/index.m3u8,MTM.mk@SD,,,,https://i.ibb.co/HCRZVVz/images-4.png,General,,iptv-org-all.txt,,
Omroep Almere (1080p),https://wowza2.videostreamingwowza.com/OAlmerelive/OAlmerelive/playlist.m3u8,OmroepAlmere.nl@SD,,,,https://i.imgur.com/y3cVTeh.png,General,,iptv-org-all.txt,,
NTV,http://43.252.18.195:5080/LiveApp/streams/ntvhd.m3u8,NTV.kh@SD,,,,https://i.imgur.com/SoBhuIb.png,Undefined,,iptv-org-all.txt,,
MTN (720p),http://183.110.27.87/mtnlive/720/playlist.m3u8,MTN.kr@SD,,,,https://i.imgur.com/MS0lqoG.png,Undefined,,iptv-org-all.txt,,
Omid,https://lenz.splus.ir/PLTV/88888888/224/3221226159/index.m3u8,IRIBOmid.ir@SD,,,,https://upload.wikimedia.org/wikipedia/commons/thumb/0/03/IRIB_Omid.svg/512px-IRIB_Omid.svg.png,Kids,,iptv-org-all.txt,,
Media TV,http://49.0.87.24:1936/HDMediatv/Mediatv/playlist.m3u8,MediaTV.th@SD,,,,https://www.lyngsat.com/logo/tv/mm/media-tv-th.png,Undefined,,iptv-org-all.txt,,
MediterraniaTV (1080p),https://59bb40cf810aa.streamlock.net:4443/streamingvincente/streamingvincente/playlist.m3u8,MediterraniaTV.it@SD,,,,https://i.imgur.com/PJbXCoe.png,General,,iptv-org-all.txt,,
MGI TV (720p) [Geo-blocked],https://tv.rodja.live/tasik/ngrp:mgitv_all/playlist.m3u8,MGITV.id@SD,,,,https://i.imgur.com/xrNtabe.png,Religious,,iptv-org-all.txt,,
Noor,https://ncdn.telewebion.com/noor/live/playlist.m3u8,NoorTV.ir@SD,,,,https://upload.wikimedia.org/wikipedia/fa/thumb/c/ce/Qum_Noor_TV.svg/288px-Qum_Noor_TV.svg.png,Undefined,,iptv-org-all.txt,,
MH One Shraddha (360p),https://paramount.jswk.online/shraddhamhone/index.m3u8,MHOneShraddha.in@SD,,,,https://i.imgur.com/Lrm8qTO.png,Religious,,iptv-org-all.txt,,
Nabaa TV (720p) [Not 24/7],http://31.14.40.237:1935/live/Nabaa/playlist.m3u8,NabaaTV.lb@SD,,,,https://i.imgur.com/p8eRgSs.png,News,,iptv-org-all.txt,,
Noroc TV (576p) [Not 24/7],https://live.noroc.tv/noroc/noroc.m3u8,NorocTV.md@SD,,,,https://i.imgur.com/XvYqpqG.png,Music,,iptv-org-all.txt,,
Micto (360p),http://93.78.206.172:8080/stream3/stream.m3u8,MistoPlus.ua@SD,,,,https://i.imgur.com/NHjg1Jm.png,General,,iptv-org-all.txt,,
Namayesh,https://lenz.splus.ir/PLTV/88888888/224/3221226148/index.m3u8,NamayeshTV.ir@SD,,,,https://upload.wikimedia.org/wikipedia/commons/thumb/f/fc/Namayesh_TV_logo.svg/300px-Namayesh_TV_logo.svg.png,Entertainment,,iptv-org-all.txt,,
Namaquran,https://ncdn.telewebion.com/namaquran/live/playlist.m3u8,NamaquranTV.ir@SD,,,,https://static.telewebion.com/channelsLogo/32904008-39bd-48a6-b4c7-2ea26f4a4eb8/default,Undefined,,iptv-org-all.txt,,
Nos TV Bonaire (1080p),http://streaming.flamingotv.net/nostv/live.m3u8,NosTVBonaire.bq@SD,,,,https://i.postimg.cc/pXgTJpBS/nostvbonaire.png,General,,iptv-org-all.txt,,
Nama TV,https://ncdn.telewebion.com/nama/live/playlist.m3u8,NamaTV.ir@SD,,,,https://i.ibb.co/WvrqnrZ5/nama.png,General,,iptv-org-all.txt,,
O'zbekiston Tarixi (1080p),https://stream8.cinerama.uz/1209/tracks-v1a1/playlist.m3u8,OzbekistonTarixi.uz@SD,,,,https://i.imgur.com/iTTd3Ir.png,Documentary,,iptv-org-all.txt,,
O'zbekiston 24 (1080p),https://stream8.cinerama.uz/1011/tracks-v1a1/playlist.m3u8,Ozbekiston24.uz@SD,,,,https://i.imgur.com/VRFhKbw.png,News,,iptv-org-all.txt,,
O'zbekiston (576p),https://stream8.cinerama.uz/1001/tracks-v1a1/playlist.m3u8,Ozbekiston.uz@SD,,,,https://i.imgur.com/QUIIhTD.png,General,,iptv-org-all.txt,,
Mikuba TV (480p) [Not 24/7],http://51.254.199.122:8080/MIKUBATV/index.m3u8,MikubaTV.cd@SD,,,,https://i.imgur.com/yJehCQM.png,General,,iptv-org-all.txt,,
Mostanad,https://lenz.splus.ir/PLTV/88888888/224/3221226901/index.m3u8,IRIBMostanad.ir@SD,,,,https://upload.wikimedia.org/wikipedia/fa/8/89/Mostanad-tv.png,General,,iptv-org-all.txt,,
NCV (720p),http://131.153.22.8:1935/NCV/ncvstream/playlist.m3u8,NCV.in@SD,,,,https://i.imgur.com/HZy6x27.png,Entertainment,,iptv-org-all.txt,,
Milliy (1080p),https://stream8.cinerama.uz/1014/tracks-v1a1/playlist.m3u8,Milliy.uz@SD,,,,https://i.imgur.com/v4FBm26.png,General,,iptv-org-all.txt,,
One Golf (720p),http://162.250.201.58:6211/pk/ONEGOLF/index.m3u8,OneGolf.pk@SD,,,,https://i.imgur.com/7JhaEW5.png,Sports,,iptv-org-all.txt,,
Nasim,https://lenz.splus.ir/PLTV/88888888/224/3221226653/index.m3u8,Nasim.ir@SD,,,,https://upload.wikimedia.org/wikipedia/commons/thumb/e/e9/Nasim_TV_logo.svg/320px-Nasim_TV_logo.svg.png,Entertainment,,iptv-org-all.txt,,
Ofogh,https://lenz.splus.ir/PLTV/88888888/224/3221226143/index.m3u8,OfoghTV.ir@SD,,,,https://upload.wikimedia.org/wikipedia/fa/thumb/f/fe/Ofogh_TV_logo.svg/320px-Ofogh_TV_logo.svg.png,Culture,,iptv-org-all.txt,,
Nei Monggol TV 2 Mongolian Culture Channel,http://1.24.190.98:10080/hls/40/index.m3u8,NeiMonggolTV2MongolianCultureChannel.cn@SD,,,,https://i.imgur.com/kpsjahG.png,Culture,,iptv-org-all.txt,,
One TV Asia (576p) [Geo-blocked],http://210.210.155.37/uq2663/h/h143/index.m3u8,ONE.sg@SD,,,,https://i.imgur.com/ea0iGfA.png,Entertainment,,iptv-org-all.txt,,
OCN (576p),http://202.60.106.14:8080/207/playlist.m3u8,OCN.kr@SD,,,,https://upload.wikimedia.org/wikipedia/commons/thumb/9/95/OCN_Logo.svg/512px-OCN_Logo.svg.png,Movies;Series,,iptv-org-all.txt,,
Minimax (576p) [Not 24/7],http://116.90.120.149:8000/play/a01c/index.m3u8,Minimax.pk@SD,,,,https://i.imgur.com/TJvf8vd.png,Kids,,iptv-org-all.txt,,
Nei Monggol TV,http://1.24.190.98:10080/hls/39/index.m3u8,NeiMonggolTV.cn@SD,,,,https://i.imgur.com/WeugJBE.png,Undefined,,iptv-org-all.txt,,
Miskolc TV (720p),https://video.mhzrt.hu/live/mitv/playlist.m3u8,MiskolcTV.hu@SD,,,,https://i.imgur.com/IoiNus2.png,General,,iptv-org-all.txt,,
National Geographic Latin America South (1080p),http://38.183.182.166:8000/play/a0vd/index.m3u8,NationalGeographicLatinAmerica.us@South,,,,https://upload.wikimedia.org/wikipedia/commons/thumb/f/fc/Natgeologo.svg/512px-Natgeologo.svg.png,Documentary,,iptv-org-all.txt,,
